[
  {
    "model": "admin.logentry",
    "pk": 1,
    "fields": {
      "action_time": "2024-10-30T12:11:48.554Z",
      "user": 1,
      "content_type": 18,
      "object_id": "1",
      "object_repr": "ელექტროობა - 2 - 1 - 5%",
      "action_flag": 1,
      "change_message": "[{\"added\": {}}]"
    }
  },
  {
    "model": "admin.logentry",
    "pk": 2,
    "fields": {
      "action_time": "2024-10-30T12:12:14.488Z",
      "user": 1,
      "content_type": 18,
      "object_id": "2",
      "object_repr": "ხანძარქრობა - 2 - 1 - 5%",
      "action_flag": 1,
      "change_message": "[{\"added\": {}}]"
    }
  },
  {
    "model": "admin.logentry",
    "pk": 3,
    "fields": {
      "action_time": "2024-10-30T12:12:48.955Z",
      "user": 1,
      "content_type": 18,
      "object_id": "3",
      "object_repr": "კანალიზაცია - 2 - 1 - 5%",
      "action_flag": 1,
      "change_message": "[{\"added\": {}}]"
    }
  },
  {
    "model": "admin.logentry",
    "pk": 4,
    "fields": {
      "action_time": "2024-10-30T12:14:02.091Z",
      "user": 1,
      "content_type": 16,
      "object_id": "2",
      "object_repr": "2000 m2",
      "action_flag": 1,
      "change_message": "[{\"added\": {}}]"
    }
  },
  {
    "model": "admin.logentry",
    "pk": 5,
    "fields": {
      "action_time": "2024-10-30T12:15:28.513Z",
      "user": 1,
      "content_type": 17,
      "object_id": "1",
      "object_repr": "სასტუმრო რედისონი",
      "action_flag": 1,
      "change_message": "[{\"added\": {}}]"
    }
  },
  {
    "model": "admin.logentry",
    "pk": 6,
    "fields": {
      "action_time": "2024-10-30T12:16:34.440Z",
      "user": 1,
      "content_type": 17,
      "object_id": "1",
      "object_repr": "სასტუმრო რედისონი",
      "action_flag": 2,
      "change_message": "[{\"added\": {\"name\": \"project image\", \"object\": \"Image for \\u10e1\\u10d0\\u10e1\\u10e2\\u10e3\\u10db\\u10e0\\u10dd \\u10e0\\u10d4\\u10d3\\u10d8\\u10e1\\u10dd\\u10dc\\u10d8\"}}, {\"added\": {\"name\": \"project image\", \"object\": \"Image for \\u10e1\\u10d0\\u10e1\\u10e2\\u10e3\\u10db\\u10e0\\u10dd \\u10e0\\u10d4\\u10d3\\u10d8\\u10e1\\u10dd\\u10dc\\u10d8\"}}, {\"added\": {\"name\": \"project image\", \"object\": \"Image for \\u10e1\\u10d0\\u10e1\\u10e2\\u10e3\\u10db\\u10e0\\u10dd \\u10e0\\u10d4\\u10d3\\u10d8\\u10e1\\u10dd\\u10dc\\u10d8\"}}, {\"added\": {\"name\": \"project image\", \"object\": \"Image for \\u10e1\\u10d0\\u10e1\\u10e2\\u10e3\\u10db\\u10e0\\u10dd \\u10e0\\u10d4\\u10d3\\u10d8\\u10e1\\u10dd\\u10dc\\u10d8\"}}]"
    }
  },
  {
    "model": "admin.logentry",
    "pk": 7,
    "fields": {
      "action_time": "2024-10-30T12:47:09.882Z",
      "user": 1,
      "content_type": 14,
      "object_id": "2",
      "object_repr": "guram.shanidze.33@gmail.com",
      "action_flag": 3,
      "change_message": ""
    }
  },
  {
    "model": "admin.logentry",
    "pk": 8,
    "fields": {
      "action_time": "2024-10-30T12:49:45.629Z",
      "user": 1,
      "content_type": 14,
      "object_id": "3",
      "object_repr": "guram.shanidze.33@gmail.com",
      "action_flag": 3,
      "change_message": ""
    }
  },
  {
    "model": "admin.logentry",
    "pk": 9,
    "fields": {
      "action_time": "2024-10-31T08:28:01.028Z",
      "user": 1,
      "content_type": 14,
      "object_id": "4",
      "object_repr": "guram.shanidze.33@gmail.com",
      "action_flag": 3,
      "change_message": ""
    }
  },
  {
    "model": "admin.logentry",
    "pk": 10,
    "fields": {
      "action_time": "2024-10-31T10:22:17.237Z",
      "user": 1,
      "content_type": 14,
      "object_id": "9",
      "object_repr": "g.nishnianidze97@gmail.com",
      "action_flag": 3,
      "change_message": ""
    }
  },
  {
    "model": "admin.logentry",
    "pk": 11,
    "fields": {
      "action_time": "2024-10-31T10:31:11.338Z",
      "user": 1,
      "content_type": 14,
      "object_id": "10",
      "object_repr": "g.nishnianidze97@gmail.com",
      "action_flag": 3,
      "change_message": ""
    }
  },
  {
    "model": "admin.logentry",
    "pk": 12,
    "fields": {
      "action_time": "2024-10-31T11:00:35.041Z",
      "user": 1,
      "content_type": 14,
      "object_id": "11",
      "object_repr": "g.nishnianidze97@gmail.com",
      "action_flag": 3,
      "change_message": ""
    }
  },
  {
    "model": "admin.logentry",
    "pk": 13,
    "fields": {
      "action_time": "2024-10-31T11:07:25.834Z",
      "user": 1,
      "content_type": 14,
      "object_id": "13",
      "object_repr": "guramshanidze44@gmail.com",
      "action_flag": 3,
      "change_message": ""
    }
  },
  {
    "model": "admin.logentry",
    "pk": 14,
    "fields": {
      "action_time": "2024-10-31T11:07:25.834Z",
      "user": 1,
      "content_type": 14,
      "object_id": "12",
      "object_repr": "g.nishnianidze97@gmail.com",
      "action_flag": 3,
      "change_message": ""
    }
  },
  {
    "model": "admin.logentry",
    "pk": 15,
    "fields": {
      "action_time": "2024-10-31T11:09:31.536Z",
      "user": 1,
      "content_type": 14,
      "object_id": "14",
      "object_repr": "g.nishnianidze97@gmail.com",
      "action_flag": 3,
      "change_message": ""
    }
  },
  {
    "model": "admin.logentry",
    "pk": 16,
    "fields": {
      "action_time": "2024-10-31T11:12:38.787Z",
      "user": 1,
      "content_type": 14,
      "object_id": "15",
      "object_repr": "g.nishnianidze97@gmail.com",
      "action_flag": 3,
      "change_message": ""
    }
  },
  {
    "model": "admin.logentry",
    "pk": 17,
    "fields": {
      "action_time": "2024-10-31T11:31:59.725Z",
      "user": 1,
      "content_type": 14,
      "object_id": "16",
      "object_repr": "g.nishnianidze97@gmail.com",
      "action_flag": 3,
      "change_message": ""
    }
  },
  {
    "model": "admin.logentry",
    "pk": 18,
    "fields": {
      "action_time": "2024-10-31T11:41:16.250Z",
      "user": 1,
      "content_type": 14,
      "object_id": "17",
      "object_repr": "g.nishnianidze97@gmail.com",
      "action_flag": 3,
      "change_message": ""
    }
  },
  {
    "model": "admin.logentry",
    "pk": 19,
    "fields": {
      "action_time": "2024-10-31T12:29:48.899Z",
      "user": 1,
      "content_type": 14,
      "object_id": "19",
      "object_repr": "guram.shanidze.33@gmail.com",
      "action_flag": 3,
      "change_message": ""
    }
  },
  {
    "model": "admin.logentry",
    "pk": 20,
    "fields": {
      "action_time": "2024-10-31T12:29:48.899Z",
      "user": 1,
      "content_type": 14,
      "object_id": "18",
      "object_repr": "g.nishnianidze97@gmail.com",
      "action_flag": 3,
      "change_message": ""
    }
  },
  {
    "model": "admin.logentry",
    "pk": 21,
    "fields": {
      "action_time": "2024-10-31T12:33:13.470Z",
      "user": 1,
      "content_type": 14,
      "object_id": "20",
      "object_repr": "g.nishnianidze97@gmail.com",
      "action_flag": 3,
      "change_message": ""
    }
  },
  {
    "model": "admin.logentry",
    "pk": 22,
    "fields": {
      "action_time": "2024-10-31T13:03:11.400Z",
      "user": 1,
      "content_type": 14,
      "object_id": "21",
      "object_repr": "g.nishnianidze97@gmail.com",
      "action_flag": 3,
      "change_message": ""
    }
  },
  {
    "model": "admin.logentry",
    "pk": 23,
    "fields": {
      "action_time": "2024-10-31T13:10:30.882Z",
      "user": 1,
      "content_type": 14,
      "object_id": "22",
      "object_repr": "g.nishnianidze97@gmail.com",
      "action_flag": 3,
      "change_message": ""
    }
  },
  {
    "model": "admin.logentry",
    "pk": 24,
    "fields": {
      "action_time": "2024-10-31T13:29:26.596Z",
      "user": 1,
      "content_type": 18,
      "object_id": "4",
      "object_repr": "სახანძრო სიგნალიზაცია - 2.1 - 1.2 - 5%",
      "action_flag": 1,
      "change_message": "[{\"added\": {}}]"
    }
  },
  {
    "model": "admin.logentry",
    "pk": 25,
    "fields": {
      "action_time": "2024-10-31T13:30:14.400Z",
      "user": 1,
      "content_type": 18,
      "object_id": "5",
      "object_repr": "გახმოვანება - 2.3 - 1.4 - 5%",
      "action_flag": 1,
      "change_message": "[{\"added\": {}}]"
    }
  },
  {
    "model": "admin.logentry",
    "pk": 26,
    "fields": {
      "action_time": "2024-10-31T13:30:40.148Z",
      "user": 1,
      "content_type": 18,
      "object_id": "6",
      "object_repr": "დაშვების კონტროლი - 1.3 - 2.3 - 5%",
      "action_flag": 1,
      "change_message": "[{\"added\": {}}]"
    }
  },
  {
    "model": "admin.logentry",
    "pk": 27,
    "fields": {
      "action_time": "2024-10-31T13:31:08.966Z",
      "user": 1,
      "content_type": 18,
      "object_id": "7",
      "object_repr": "CO დეტექცია - 1.5 - 2.4 - 5%",
      "action_flag": 1,
      "change_message": "[{\"added\": {}}]"
    }
  },
  {
    "model": "admin.logentry",
    "pk": 28,
    "fields": {
      "action_time": "2024-10-31T13:31:37.063Z",
      "user": 1,
      "content_type": 18,
      "object_id": "8",
      "object_repr": "სახანძრო ვენტილაცია - 1.3 - 2.2 - 5%",
      "action_flag": 1,
      "change_message": "[{\"added\": {}}]"
    }
  },
  {
    "model": "admin.logentry",
    "pk": 29,
    "fields": {
      "action_time": "2024-10-31T13:31:58.086Z",
      "user": 1,
      "content_type": 18,
      "object_id": "9",
      "object_repr": "საყოფაცხოვრებო ვენტილაცია - 1.3 - 2.1 - 5%",
      "action_flag": 1,
      "change_message": "[{\"added\": {}}]"
    }
  },
  {
    "model": "admin.logentry",
    "pk": 30,
    "fields": {
      "action_time": "2024-10-31T13:32:37.904Z",
      "user": 1,
      "content_type": 18,
      "object_id": "10",
      "object_repr": "გათბობა გაგრილება - 1.4 - 1.2 - 5%",
      "action_flag": 1,
      "change_message": "[{\"added\": {}}]"
    }
  },
  {
    "model": "admin.logentry",
    "pk": 31,
    "fields": {
      "action_time": "2024-10-31T13:34:28.786Z",
      "user": 1,
      "content_type": 18,
      "object_id": "11",
      "object_repr": "საევაკუაციო მანიშნებლები და განათება - 1.5 - 2.3 - 5%",
      "action_flag": 1,
      "change_message": "[{\"added\": {}}]"
    }
  },
  {
    "model": "admin.logentry",
    "pk": 32,
    "fields": {
      "action_time": "2024-10-31T13:35:02.728Z",
      "user": 1,
      "content_type": 18,
      "object_id": "12",
      "object_repr": "ვიდეო მეთვალყურეობა - 2.3 - 1.6 - 5%",
      "action_flag": 1,
      "change_message": "[{\"added\": {}}]"
    }
  },
  {
    "model": "admin.logentry",
    "pk": 33,
    "fields": {
      "action_time": "2024-10-31T14:03:54.518Z",
      "user": 1,
      "content_type": 17,
      "object_id": "11",
      "object_repr": "Simply yes.",
      "action_flag": 3,
      "change_message": ""
    }
  },
  {
    "model": "admin.logentry",
    "pk": 34,
    "fields": {
      "action_time": "2024-10-31T14:03:54.518Z",
      "user": 1,
      "content_type": 17,
      "object_id": "10",
      "object_repr": "Camera character.",
      "action_flag": 3,
      "change_message": ""
    }
  },
  {
    "model": "admin.logentry",
    "pk": 35,
    "fields": {
      "action_time": "2024-10-31T14:03:54.518Z",
      "user": 1,
      "content_type": 17,
      "object_id": "9",
      "object_repr": "Leader believe.",
      "action_flag": 3,
      "change_message": ""
    }
  },
  {
    "model": "admin.logentry",
    "pk": 36,
    "fields": {
      "action_time": "2024-10-31T14:03:54.518Z",
      "user": 1,
      "content_type": 17,
      "object_id": "8",
      "object_repr": "Film several.",
      "action_flag": 3,
      "change_message": ""
    }
  },
  {
    "model": "admin.logentry",
    "pk": 37,
    "fields": {
      "action_time": "2024-10-31T14:03:54.518Z",
      "user": 1,
      "content_type": 17,
      "object_id": "7",
      "object_repr": "Begin strategy.",
      "action_flag": 3,
      "change_message": ""
    }
  },
  {
    "model": "admin.logentry",
    "pk": 38,
    "fields": {
      "action_time": "2024-10-31T14:03:54.518Z",
      "user": 1,
      "content_type": 17,
      "object_id": "6",
      "object_repr": "Happen spend point.",
      "action_flag": 3,
      "change_message": ""
    }
  },
  {
    "model": "admin.logentry",
    "pk": 39,
    "fields": {
      "action_time": "2024-10-31T14:03:54.518Z",
      "user": 1,
      "content_type": 17,
      "object_id": "5",
      "object_repr": "Thought we compare serious.",
      "action_flag": 3,
      "change_message": ""
    }
  },
  {
    "model": "admin.logentry",
    "pk": 40,
    "fields": {
      "action_time": "2024-10-31T14:03:54.518Z",
      "user": 1,
      "content_type": 17,
      "object_id": "4",
      "object_repr": "Majority pick.",
      "action_flag": 3,
      "change_message": ""
    }
  },
  {
    "model": "admin.logentry",
    "pk": 41,
    "fields": {
      "action_time": "2024-10-31T14:03:54.518Z",
      "user": 1,
      "content_type": 17,
      "object_id": "3",
      "object_repr": "Would argue environmental.",
      "action_flag": 3,
      "change_message": ""
    }
  },
  {
    "model": "admin.logentry",
    "pk": 42,
    "fields": {
      "action_time": "2024-10-31T14:03:54.518Z",
      "user": 1,
      "content_type": 17,
      "object_id": "2",
      "object_repr": "Adult later throw house.",
      "action_flag": 3,
      "change_message": ""
    }
  },
  {
    "model": "admin.logentry",
    "pk": 43,
    "fields": {
      "action_time": "2024-10-31T14:05:07.517Z",
      "user": 1,
      "content_type": 17,
      "object_id": "1",
      "object_repr": "სასტუმრო რედისონი",
      "action_flag": 3,
      "change_message": ""
    }
  },
  {
    "model": "auth.permission",
    "pk": 1,
    "fields": {
      "name": "Can add log entry",
      "content_type": 1,
      "codename": "add_logentry"
    }
  },
  {
    "model": "auth.permission",
    "pk": 2,
    "fields": {
      "name": "Can change log entry",
      "content_type": 1,
      "codename": "change_logentry"
    }
  },
  {
    "model": "auth.permission",
    "pk": 3,
    "fields": {
      "name": "Can delete log entry",
      "content_type": 1,
      "codename": "delete_logentry"
    }
  },
  {
    "model": "auth.permission",
    "pk": 4,
    "fields": {
      "name": "Can view log entry",
      "content_type": 1,
      "codename": "view_logentry"
    }
  },
  {
    "model": "auth.permission",
    "pk": 5,
    "fields": {
      "name": "Can add permission",
      "content_type": 2,
      "codename": "add_permission"
    }
  },
  {
    "model": "auth.permission",
    "pk": 6,
    "fields": {
      "name": "Can change permission",
      "content_type": 2,
      "codename": "change_permission"
    }
  },
  {
    "model": "auth.permission",
    "pk": 7,
    "fields": {
      "name": "Can delete permission",
      "content_type": 2,
      "codename": "delete_permission"
    }
  },
  {
    "model": "auth.permission",
    "pk": 8,
    "fields": {
      "name": "Can view permission",
      "content_type": 2,
      "codename": "view_permission"
    }
  },
  {
    "model": "auth.permission",
    "pk": 9,
    "fields": {
      "name": "Can add group",
      "content_type": 3,
      "codename": "add_group"
    }
  },
  {
    "model": "auth.permission",
    "pk": 10,
    "fields": {
      "name": "Can change group",
      "content_type": 3,
      "codename": "change_group"
    }
  },
  {
    "model": "auth.permission",
    "pk": 11,
    "fields": {
      "name": "Can delete group",
      "content_type": 3,
      "codename": "delete_group"
    }
  },
  {
    "model": "auth.permission",
    "pk": 12,
    "fields": {
      "name": "Can view group",
      "content_type": 3,
      "codename": "view_group"
    }
  },
  {
    "model": "auth.permission",
    "pk": 13,
    "fields": {
      "name": "Can add content type",
      "content_type": 4,
      "codename": "add_contenttype"
    }
  },
  {
    "model": "auth.permission",
    "pk": 14,
    "fields": {
      "name": "Can change content type",
      "content_type": 4,
      "codename": "change_contenttype"
    }
  },
  {
    "model": "auth.permission",
    "pk": 15,
    "fields": {
      "name": "Can delete content type",
      "content_type": 4,
      "codename": "delete_contenttype"
    }
  },
  {
    "model": "auth.permission",
    "pk": 16,
    "fields": {
      "name": "Can view content type",
      "content_type": 4,
      "codename": "view_contenttype"
    }
  },
  {
    "model": "auth.permission",
    "pk": 17,
    "fields": {
      "name": "Can add session",
      "content_type": 5,
      "codename": "add_session"
    }
  },
  {
    "model": "auth.permission",
    "pk": 18,
    "fields": {
      "name": "Can change session",
      "content_type": 5,
      "codename": "change_session"
    }
  },
  {
    "model": "auth.permission",
    "pk": 19,
    "fields": {
      "name": "Can delete session",
      "content_type": 5,
      "codename": "delete_session"
    }
  },
  {
    "model": "auth.permission",
    "pk": 20,
    "fields": {
      "name": "Can view session",
      "content_type": 5,
      "codename": "view_session"
    }
  },
  {
    "model": "auth.permission",
    "pk": 21,
    "fields": {
      "name": "Can add site",
      "content_type": 6,
      "codename": "add_site"
    }
  },
  {
    "model": "auth.permission",
    "pk": 22,
    "fields": {
      "name": "Can change site",
      "content_type": 6,
      "codename": "change_site"
    }
  },
  {
    "model": "auth.permission",
    "pk": 23,
    "fields": {
      "name": "Can delete site",
      "content_type": 6,
      "codename": "delete_site"
    }
  },
  {
    "model": "auth.permission",
    "pk": 24,
    "fields": {
      "name": "Can view site",
      "content_type": 6,
      "codename": "view_site"
    }
  },
  {
    "model": "auth.permission",
    "pk": 25,
    "fields": {
      "name": "Can add Token",
      "content_type": 7,
      "codename": "add_token"
    }
  },
  {
    "model": "auth.permission",
    "pk": 26,
    "fields": {
      "name": "Can change Token",
      "content_type": 7,
      "codename": "change_token"
    }
  },
  {
    "model": "auth.permission",
    "pk": 27,
    "fields": {
      "name": "Can delete Token",
      "content_type": 7,
      "codename": "delete_token"
    }
  },
  {
    "model": "auth.permission",
    "pk": 28,
    "fields": {
      "name": "Can view Token",
      "content_type": 7,
      "codename": "view_token"
    }
  },
  {
    "model": "auth.permission",
    "pk": 29,
    "fields": {
      "name": "Can add Token",
      "content_type": 8,
      "codename": "add_tokenproxy"
    }
  },
  {
    "model": "auth.permission",
    "pk": 30,
    "fields": {
      "name": "Can change Token",
      "content_type": 8,
      "codename": "change_tokenproxy"
    }
  },
  {
    "model": "auth.permission",
    "pk": 31,
    "fields": {
      "name": "Can delete Token",
      "content_type": 8,
      "codename": "delete_tokenproxy"
    }
  },
  {
    "model": "auth.permission",
    "pk": 32,
    "fields": {
      "name": "Can view Token",
      "content_type": 8,
      "codename": "view_tokenproxy"
    }
  },
  {
    "model": "auth.permission",
    "pk": 33,
    "fields": {
      "name": "Can add email address",
      "content_type": 9,
      "codename": "add_emailaddress"
    }
  },
  {
    "model": "auth.permission",
    "pk": 34,
    "fields": {
      "name": "Can change email address",
      "content_type": 9,
      "codename": "change_emailaddress"
    }
  },
  {
    "model": "auth.permission",
    "pk": 35,
    "fields": {
      "name": "Can delete email address",
      "content_type": 9,
      "codename": "delete_emailaddress"
    }
  },
  {
    "model": "auth.permission",
    "pk": 36,
    "fields": {
      "name": "Can view email address",
      "content_type": 9,
      "codename": "view_emailaddress"
    }
  },
  {
    "model": "auth.permission",
    "pk": 37,
    "fields": {
      "name": "Can add email confirmation",
      "content_type": 10,
      "codename": "add_emailconfirmation"
    }
  },
  {
    "model": "auth.permission",
    "pk": 38,
    "fields": {
      "name": "Can change email confirmation",
      "content_type": 10,
      "codename": "change_emailconfirmation"
    }
  },
  {
    "model": "auth.permission",
    "pk": 39,
    "fields": {
      "name": "Can delete email confirmation",
      "content_type": 10,
      "codename": "delete_emailconfirmation"
    }
  },
  {
    "model": "auth.permission",
    "pk": 40,
    "fields": {
      "name": "Can view email confirmation",
      "content_type": 10,
      "codename": "view_emailconfirmation"
    }
  },
  {
    "model": "auth.permission",
    "pk": 41,
    "fields": {
      "name": "Can add social account",
      "content_type": 11,
      "codename": "add_socialaccount"
    }
  },
  {
    "model": "auth.permission",
    "pk": 42,
    "fields": {
      "name": "Can change social account",
      "content_type": 11,
      "codename": "change_socialaccount"
    }
  },
  {
    "model": "auth.permission",
    "pk": 43,
    "fields": {
      "name": "Can delete social account",
      "content_type": 11,
      "codename": "delete_socialaccount"
    }
  },
  {
    "model": "auth.permission",
    "pk": 44,
    "fields": {
      "name": "Can view social account",
      "content_type": 11,
      "codename": "view_socialaccount"
    }
  },
  {
    "model": "auth.permission",
    "pk": 45,
    "fields": {
      "name": "Can add social application",
      "content_type": 12,
      "codename": "add_socialapp"
    }
  },
  {
    "model": "auth.permission",
    "pk": 46,
    "fields": {
      "name": "Can change social application",
      "content_type": 12,
      "codename": "change_socialapp"
    }
  },
  {
    "model": "auth.permission",
    "pk": 47,
    "fields": {
      "name": "Can delete social application",
      "content_type": 12,
      "codename": "delete_socialapp"
    }
  },
  {
    "model": "auth.permission",
    "pk": 48,
    "fields": {
      "name": "Can view social application",
      "content_type": 12,
      "codename": "view_socialapp"
    }
  },
  {
    "model": "auth.permission",
    "pk": 49,
    "fields": {
      "name": "Can add social application token",
      "content_type": 13,
      "codename": "add_socialtoken"
    }
  },
  {
    "model": "auth.permission",
    "pk": 50,
    "fields": {
      "name": "Can change social application token",
      "content_type": 13,
      "codename": "change_socialtoken"
    }
  },
  {
    "model": "auth.permission",
    "pk": 51,
    "fields": {
      "name": "Can delete social application token",
      "content_type": 13,
      "codename": "delete_socialtoken"
    }
  },
  {
    "model": "auth.permission",
    "pk": 52,
    "fields": {
      "name": "Can view social application token",
      "content_type": 13,
      "codename": "view_socialtoken"
    }
  },
  {
    "model": "auth.permission",
    "pk": 53,
    "fields": {
      "name": "Can add user",
      "content_type": 14,
      "codename": "add_customuser"
    }
  },
  {
    "model": "auth.permission",
    "pk": 54,
    "fields": {
      "name": "Can change user",
      "content_type": 14,
      "codename": "change_customuser"
    }
  },
  {
    "model": "auth.permission",
    "pk": 55,
    "fields": {
      "name": "Can delete user",
      "content_type": 14,
      "codename": "delete_customuser"
    }
  },
  {
    "model": "auth.permission",
    "pk": 56,
    "fields": {
      "name": "Can view user",
      "content_type": 14,
      "codename": "view_customuser"
    }
  },
  {
    "model": "auth.permission",
    "pk": 57,
    "fields": {
      "name": "Can add discount",
      "content_type": 15,
      "codename": "add_discount"
    }
  },
  {
    "model": "auth.permission",
    "pk": 58,
    "fields": {
      "name": "Can change discount",
      "content_type": 15,
      "codename": "change_discount"
    }
  },
  {
    "model": "auth.permission",
    "pk": 59,
    "fields": {
      "name": "Can delete discount",
      "content_type": 15,
      "codename": "delete_discount"
    }
  },
  {
    "model": "auth.permission",
    "pk": 60,
    "fields": {
      "name": "Can view discount",
      "content_type": 15,
      "codename": "view_discount"
    }
  },
  {
    "model": "auth.permission",
    "pk": 61,
    "fields": {
      "name": "Can add minimum_ amount_ of_ space",
      "content_type": 16,
      "codename": "add_minimum_amount_of_space"
    }
  },
  {
    "model": "auth.permission",
    "pk": 62,
    "fields": {
      "name": "Can change minimum_ amount_ of_ space",
      "content_type": 16,
      "codename": "change_minimum_amount_of_space"
    }
  },
  {
    "model": "auth.permission",
    "pk": 63,
    "fields": {
      "name": "Can delete minimum_ amount_ of_ space",
      "content_type": 16,
      "codename": "delete_minimum_amount_of_space"
    }
  },
  {
    "model": "auth.permission",
    "pk": 64,
    "fields": {
      "name": "Can view minimum_ amount_ of_ space",
      "content_type": 16,
      "codename": "view_minimum_amount_of_space"
    }
  },
  {
    "model": "auth.permission",
    "pk": 65,
    "fields": {
      "name": "Can add project",
      "content_type": 17,
      "codename": "add_project"
    }
  },
  {
    "model": "auth.permission",
    "pk": 66,
    "fields": {
      "name": "Can change project",
      "content_type": 17,
      "codename": "change_project"
    }
  },
  {
    "model": "auth.permission",
    "pk": 67,
    "fields": {
      "name": "Can delete project",
      "content_type": 17,
      "codename": "delete_project"
    }
  },
  {
    "model": "auth.permission",
    "pk": 68,
    "fields": {
      "name": "Can view project",
      "content_type": 17,
      "codename": "view_project"
    }
  },
  {
    "model": "auth.permission",
    "pk": 69,
    "fields": {
      "name": "Can add project service",
      "content_type": 18,
      "codename": "add_projectservice"
    }
  },
  {
    "model": "auth.permission",
    "pk": 70,
    "fields": {
      "name": "Can change project service",
      "content_type": 18,
      "codename": "change_projectservice"
    }
  },
  {
    "model": "auth.permission",
    "pk": 71,
    "fields": {
      "name": "Can delete project service",
      "content_type": 18,
      "codename": "delete_projectservice"
    }
  },
  {
    "model": "auth.permission",
    "pk": 72,
    "fields": {
      "name": "Can view project service",
      "content_type": 18,
      "codename": "view_projectservice"
    }
  },
  {
    "model": "auth.permission",
    "pk": 73,
    "fields": {
      "name": "Can add project image",
      "content_type": 19,
      "codename": "add_projectimage"
    }
  },
  {
    "model": "auth.permission",
    "pk": 74,
    "fields": {
      "name": "Can change project image",
      "content_type": 19,
      "codename": "change_projectimage"
    }
  },
  {
    "model": "auth.permission",
    "pk": 75,
    "fields": {
      "name": "Can delete project image",
      "content_type": 19,
      "codename": "delete_projectimage"
    }
  },
  {
    "model": "auth.permission",
    "pk": 76,
    "fields": {
      "name": "Can view project image",
      "content_type": 19,
      "codename": "view_projectimage"
    }
  },
  {
    "model": "contenttypes.contenttype",
    "pk": 1,
    "fields": {
      "app_label": "admin",
      "model": "logentry"
    }
  },
  {
    "model": "contenttypes.contenttype",
    "pk": 2,
    "fields": {
      "app_label": "auth",
      "model": "permission"
    }
  },
  {
    "model": "contenttypes.contenttype",
    "pk": 3,
    "fields": {
      "app_label": "auth",
      "model": "group"
    }
  },
  {
    "model": "contenttypes.contenttype",
    "pk": 4,
    "fields": {
      "app_label": "contenttypes",
      "model": "contenttype"
    }
  },
  {
    "model": "contenttypes.contenttype",
    "pk": 5,
    "fields": {
      "app_label": "sessions",
      "model": "session"
    }
  },
  {
    "model": "contenttypes.contenttype",
    "pk": 6,
    "fields": {
      "app_label": "sites",
      "model": "site"
    }
  },
  {
    "model": "contenttypes.contenttype",
    "pk": 7,
    "fields": {
      "app_label": "authtoken",
      "model": "token"
    }
  },
  {
    "model": "contenttypes.contenttype",
    "pk": 8,
    "fields": {
      "app_label": "authtoken",
      "model": "tokenproxy"
    }
  },
  {
    "model": "contenttypes.contenttype",
    "pk": 9,
    "fields": {
      "app_label": "account",
      "model": "emailaddress"
    }
  },
  {
    "model": "contenttypes.contenttype",
    "pk": 10,
    "fields": {
      "app_label": "account",
      "model": "emailconfirmation"
    }
  },
  {
    "model": "contenttypes.contenttype",
    "pk": 11,
    "fields": {
      "app_label": "socialaccount",
      "model": "socialaccount"
    }
  },
  {
    "model": "contenttypes.contenttype",
    "pk": 12,
    "fields": {
      "app_label": "socialaccount",
      "model": "socialapp"
    }
  },
  {
    "model": "contenttypes.contenttype",
    "pk": 13,
    "fields": {
      "app_label": "socialaccount",
      "model": "socialtoken"
    }
  },
  {
    "model": "contenttypes.contenttype",
    "pk": 14,
    "fields": {
      "app_label": "accounts",
      "model": "customuser"
    }
  },
  {
    "model": "contenttypes.contenttype",
    "pk": 15,
    "fields": {
      "app_label": "accounts",
      "model": "discount"
    }
  },
  {
    "model": "contenttypes.contenttype",
    "pk": 16,
    "fields": {
      "app_label": "projects",
      "model": "minimum_amount_of_space"
    }
  },
  {
    "model": "contenttypes.contenttype",
    "pk": 17,
    "fields": {
      "app_label": "projects",
      "model": "project"
    }
  },
  {
    "model": "contenttypes.contenttype",
    "pk": 18,
    "fields": {
      "app_label": "projects",
      "model": "projectservice"
    }
  },
  {
    "model": "contenttypes.contenttype",
    "pk": 19,
    "fields": {
      "app_label": "projects",
      "model": "projectimage"
    }
  },
  {
    "model": "sessions.session",
    "pk": "6g3pbytij6j4kgzlb2hn74tn53o2wypv",
    "fields": {
      "session_data": ".eJxVj90KwjAMRt8l10N0U8S9TIltnMHaSpYqY-zdzeYf3jX5TjlfRkDvc0nq7iR8YgqOrsgR2lRirL5pzB0naEcoPYm7XaCFABUs7PurR-VsDFwxBdQsgwE9d6ncoFUpVIFQYCGvrsjX8KebcYzu8kDpetNNtlJUms326GhewlLGHQfnc1gi0-GLPps7UngJbV6qDZ-bfqRFvohQUiv8B80RJ1Y2bXBo-WbfrJt9vdvWq8OmsamepicXlW3_:1t6Swa:WXV-YcstMuyG0TSBIBSB5ilEbiNX_pIBIz7HV34SdJQ",
      "expire_date": "2024-11-14T11:02:24.245Z"
    }
  },
  {
    "model": "sessions.session",
    "pk": "7opjwy32e7b6tdumxoga23bds600rxe2",
    "fields": {
      "session_data": ".eJxVj9FugzAMRf_Fz2iiQoPBz0Ru4jKraVIZpxOq-PcZ2jHx5vge69w8Ab3PJal7kPCFKTi6IUcYUomx2tOYR04wPKFMJO5-hQF6qGBj36celbMxcMMUULPMBkw8pnKHQaVQBUKBhby6IrvhoFtxjO76gzJOpltspai0mm0YaV3CVsadZ-dz2CLT4Yv-Nnek8BLae6s2__3pn7TIFxFKaoUP0BpxYmXTBoeWn7qmbrq6bvuPvv3q2s9mWX4B7YRt6A:1t6SIh:w3mBd29cGCOi9OEUaJVRFGh3i-EpUzQUuTo9JczmiHE",
      "expire_date": "2024-11-14T10:21:11.298Z"
    }
  },
  {
    "model": "sessions.session",
    "pk": "bt3lyb4elrvyzv5iwgv81hrv45ks8yt3",
    "fields": {
      "session_data": ".eJxVjDsOwjAQBe_iGll2nBBMSZ8zRLv71jiAHCmfCnF3EikFtDPz3tv0tC65X2ed-gHmarw5_TImeWrZBR5U7qOVsSzTwHZP7GFn243Q1-1o_w4yzXlbhzNqJxoaUJUIoiQMOIcEjiyBEkg8OES5NC6i1grEG0CrmlpvPl9FrTqy:1t67Wt:XhDat4OKqX2Krq68wcKTKWkmJxy0L679zgAAi1gVq8g",
      "expire_date": "2024-11-13T12:10:27.977Z"
    }
  },
  {
    "model": "sessions.session",
    "pk": "e62y2p122mpjdmwsfy81hiuhycdb01t6",
    "fields": {
      "session_data": ".eJxVjDsOwjAQBe_iGll2nBBMSZ8zRLv71jiAHCmfCnF3EikFtDPz3tv0tC65X2ed-gHmarw5_TImeWrZBR5U7qOVsSzTwHZP7GFn243Q1-1o_w4yzXlbhzNqJxoaUJUIoiQMOIcEjiyBEkg8OES5NC6i1grEG0CrmlpvPl9FrTqy:1t7CXk:nF4N7hiXSy78fFHNWQPX2RZnuRuiDX0cTP8l3w0r6H0",
      "expire_date": "2024-11-16T11:43:48.158Z"
    }
  },
  {
    "model": "sessions.session",
    "pk": "euw1vjrxwdd4av591rrtt9io8z8ycbb3",
    "fields": {
      "session_data": ".eJxVj-0KwjAMRd8lv4fMDzbcy5TYxhmsrWSpMmTvbja_8F-ae8K5fQB6n0tSdyPhI1NwdEGO0KUSY_VNY-45QfeAMpC46xk6iFDBwr5PPSpnY-CCKaBmGQ0YuE_lCp1KoQqEAgt5dUW-hj_djGN05ztKP5huspWi0my2oad5CUsZdxidz2GJTIcv-mTuSOEltPdSbfz86Uda5IsIJbXCf9AccWJl0waHlq_bbb1t982mWbXrutnVm2l6Ah_cbgs:1t6Umq:9gtQ1Imr4D45zXNbmrwUQfVYAcRLR4c7crfH4WshgzY",
      "expire_date": "2024-11-14T13:00:28.094Z"
    }
  },
  {
    "model": "sessions.session",
    "pk": "g4rd2vma1vjb8swdalktrtepbua81eq2",
    "fields": {
      "session_data": ".eJxVjDsOwjAQBe_iGll2nBBMSZ8zRLv71jiAHCmfCnF3EikFtDPz3tv0tC65X2ed-gHmarw5_TImeWrZBR5U7qOVsSzTwHZP7GFn243Q1-1o_w4yzXlbhzNqJxoaUJUIoiQMOIcEjiyBEkg8OES5NC6i1grEG0CrmlpvPl9FrTqy:1t6QDb:r-TyLsDUjb6tRkI6i_6Mlyi0pCs7YebbEMrkm3iM6BE",
      "expire_date": "2024-11-14T08:07:47.170Z"
    }
  },
  {
    "model": "sessions.session",
    "pk": "keqw8rn0apuah76vf87kpvmrkt37916o",
    "fields": {
      "session_data": ".eJxVj90KwjAMRt8l10N0Gyp7mRLbOIO1lSxVhuzdzeYf3qX5TjhfH4De55LU3Uj4yBQcXZAjdKnEWH3TmHtO0D2gDCTueoYOPFSwsO9Tj8rZGLhgCqhZRgMG7lO5QqdSqAKhwEJeXZGv4U834xjd-Y7SD6abbKWoNJtt6GlewlLGHUbnc1gi0-GLPpk7UngJ7b1UGz9_-pEW-SJCSa3wHzRHnFjZtMGh5Ztds252ddvWq02zr5vtND0BqP9tyg:1t6Sux:AGL0DAdLtoTF3DmuJVBPwwZTQniSwzlGHv3p8JHP1Kw",
      "expire_date": "2024-11-14T11:00:43.495Z"
    }
  },
  {
    "model": "sessions.session",
    "pk": "nnnupcfeml11uczpdhyjzs1dxuutriz9",
    "fields": {
      "session_data": ".eJxVj90KwjAMRt8l10MmDp17mRLbOIO1lSxVhuzdzeYf3qX5TjhfH4De55LU3Uj4yBQcXZAjdKnEWH3TmHtO0D2gDCTueoYOGCpY2PepR-VsDFwwBdQsowED96lcoVMpVIFQYCGvrsjX8KebcYzufEfpB9NNtlJUms029DQvYSnjDqPzOSyR6fBFn8wdKbyE9l6qjZ8__UiLfBGhpFb4D5ojTqxs2uDQ8vVuU292zb5uV3W73TdtM01PHR9uGQ:1t6TYj:oq_N2wO-PNd9t8qnTw_6jjNjlsNkI3SJT0v84vMLi2g",
      "expire_date": "2024-11-14T11:41:49.351Z"
    }
  },
  {
    "model": "sessions.session",
    "pk": "pbg2re9f91htw8um2j5wn37ymx40y6bw",
    "fields": {
      "session_data": ".eJxVj90KwjAMRt8l10OmgsW9TIltnMHaSpYqQ_buZvMP79J8J5yvD8AQSs3qbyR8ZIqeLsgJulxTar5pKj1n6B5QBxJ_PUMHB2hgYd-nAZWLMXDBHFGLjAYM3Od6hU6lUgNCkYWC-ipfw59uxjH58x2lH0w32UpRaTbb0NO8hKWMP4w-lLhEpsMXfTJ3ovgS2nupNn7-9CMtClWEslrhP2iOOLOyaaNHy9du225du3P7ldtvXLtx0_QEFjBuDg:1t6SSX:QbjAak3BhTlhTmwfuw2ybfbEQuzRdRrnn5tcq49w30w",
      "expire_date": "2024-11-14T10:31:21.074Z"
    }
  },
  {
    "model": "sessions.session",
    "pk": "s4ykhlofyngsxoowr52ikh89vgruxubg",
    "fields": {
      "session_data": ".eJxVjDsOwjAQBe_iGll2nBBMSZ8zRLv71jiAHCmfCnF3EikFtDPz3tv0tC65X2ed-gHmarw5_TImeWrZBR5U7qOVsSzTwHZP7GFn243Q1-1o_w4yzXlbhzNqJxoaUJUIoiQMOIcEjiyBEkg8OES5NC6i1grEG0CrmlpvPl9FrTqy:1t6Rkw:0AfwUg4eQ6AcrcKrHgyf-ZA1Wlj9EQSd1Fwr-4Jo6ZQ",
      "expire_date": "2024-11-14T09:46:18.025Z"
    }
  },
  {
    "model": "sessions.session",
    "pk": "wgtpmgazrqhjlg4wd9r6skr6fy976out",
    "fields": {
      "session_data": ".eJxVjDsOwjAQBe_iGll2nBBMSZ8zRLv71jiAHCmfCnF3EikFtDPz3tv0tC65X2ed-gHmarw5_TImeWrZBR5U7qOVsSzTwHZP7GFn243Q1-1o_w4yzXlbhzNqJxoaUJUIoiQMOIcEjiyBEkg8OES5NC6i1grEG0CrmlpvPl9FrTqy:1t6QDX:ZsVjaa8s-X3zw_LPxF7gqOn2iwIQcJMEtJqb8gwS5lo",
      "expire_date": "2024-11-14T08:07:43.344Z"
    }
  },
  {
    "model": "sessions.session",
    "pk": "yih4m15u3ylmqw9u9z9x46ngu81u62wz",
    "fields": {
      "session_data": ".eJxVj90KwjAMRt8l10MUGdO9TIltnGG1lSxVhuzdzeYfu0vznXC-PgG9zyWpu5PwmSk4uiJHaFOJsfqlMXecoH1CGUjcrYcWECpY2M-pR-VsDFwxBdQsowEDd6ncoFUpVIFQYCGvrsjPsNLNOEbXP1C6wXSTrRSVZrMNHc1LWMq40-h8DktkOnzTF3NHCm-hvZdq4_dPf9IiX0QoqRVeQXPEiZVNGxxavmv2232z3TX15tgc6kNdT9MLFRRuEQ:1t6SKO:NxZjX9laMC9wfS4_6C5iKaAk8JrTg168LUCObKAkEZM",
      "expire_date": "2024-11-14T10:22:56.111Z"
    }
  },
  {
    "model": "sessions.session",
    "pk": "yxsh7ldq5fg6mqv61hx5tvd67bmkieus",
    "fields": {
      "session_data": ".eJxVjDsOwjAQBe_iGll2nBBMSZ8zRLv71jiAHCmfCnF3EikFtDPz3tv0tC65X2ed-gHmarw5_TImeWrZBR5U7qOVsSzTwHZP7GFn243Q1-1o_w4yzXlbhzNqJxoaUJUIoiQMOIcEjiyBEkg8OES5NC6i1grEG0CrmlpvPl9FrTqy:1t7X1q:rg1I-8ggBf1n_90Zj_RXEgivaqzAwUcEFIYPW6__Kss",
      "expire_date": "2024-11-17T09:36:14.755Z"
    }
  },
  {
    "model": "sessions.session",
    "pk": "zjox7wd6n3cexphvpnyo3oov5j0avycl",
    "fields": {
      "session_data": ".eJxVjDsOwjAQBe_iGll2nBBMSZ8zRLv71jiAHCmfCnF3EikFtDPz3tv0tC65X2ed-gHmarw5_TImeWrZBR5U7qOVsSzTwHZP7GFn243Q1-1o_w4yzXlbhzNqJxoaUJUIoiQMOIcEjiyBEkg8OES5NC6i1grEG0CrmlpvPl9FrTqy:1t6QOL:mHvm7FltxHFzOohDMi9lS3yUssBFvWNmivPH9cslc-k",
      "expire_date": "2024-11-14T08:18:53.661Z"
    }
  },
  {
    "model": "sites.site",
    "pk": 1,
    "fields": {
      "domain": "example.com",
      "name": "example.com"
    }
  },
  {
    "model": "accounts.customuser",
    "pk": 1,
    "fields": {
      "password": "pbkdf2_sha256$870000$nQd6U5E4nKma2MZWwpKW6i$OCHsxKyXaTsGgaGbBWHgsbBJzhnRPhD5p6t5GiAMQ6o=",
      "last_login": "2024-11-03T09:36:14.687Z",
      "is_superuser": true,
      "username": "superuser",
      "first_name": "",
      "last_name": "",
      "is_staff": true,
      "is_active": true,
      "date_joined": "2024-10-30T12:10:06.675Z",
      "email": "superuser@gmail.com",
      "phone_number": null,
      "is_email_verified": false,
      "image": "profile_pics/default.jpg",
      "company": null,
      "groups": [],
      "user_permissions": []
    }
  },
  {
    "model": "accounts.customuser",
    "pk": 23,
    "fields": {
      "password": "",
      "last_login": null,
      "is_superuser": false,
      "username": "guramnishnianidze",
      "first_name": "",
      "last_name": "",
      "is_staff": false,
      "is_active": true,
      "date_joined": "2024-10-31T13:19:46.056Z",
      "email": "g.nishnianidze97@gmail.com",
      "phone_number": "568242441",
      "is_email_verified": true,
      "image": "profile_pics/default.jpg",
      "company": "MepUnity",
      "groups": [],
      "user_permissions": []
    }
  },
  {
    "model": "accounts.discount",
    "pk": 18,
    "fields": {
      "user": 23,
      "discount": 5
    }
  },
  {
    "model": "projects.project",
    "pk": 12,
    "fields": {
      "title_ka": "Sure maintain finish.",
      "title_en": "View crime.",
      "description_ka": "The politics its issue onto. Require raise guy second walk. Grow significant many decision.\nDirector charge in outside though away.\nPlant rest maintain. Someone argue for.\nSuch star value option ground. Brother man paper east different onto.\nClear nation service decade put exist. Personal of task. Senior how model wall high carry.\nNatural century business. Today they discussion young throw.\nDinner already up product safe herself community. Clearly suggest protect short international. Against defense receive common.\nAlways organization character understand future. Hold half spring rock fill. South computer someone course memory sport.\nMaterial western make. Impact thought board box arrive on college kid.\nLook color father yet. Note care politics discussion section middle build.\nSeem thank chair positive old. Chance expect over those write see floor. Green forward plan decide anyone prove table.\nAffect talk baby into never stay. Memory him a official. Chance season wear chance sell consider election. Run week employee popular business rock.\nStudent road player type.\nAmong any case or standard. Establish cause fine enter dog.\nBoy new single fire her evidence. Born during the build behavior style three.\nScore born leader prove summer cause. Own imagine whatever compare there. Admit worker throughout treatment.\nFeel himself real another just so. Couple develop both later health movement.\nMusic including little wrong lot. Choose technology experience term win crime.\nFear clearly important present painting close.\nBase goal gas our head feeling know.\nDebate describe large late seat beat class fact. Citizen house friend hand media to pressure. Prove song compare create smile financial.\nAnd rather figure manage whose. Alone ask minute condition important inside.\nCoach from night. Business only for training.\nAway cup fast believe camera. Serious member modern range.\nStreet human even moment black main reality. Employee indeed table voice vote work herself need.\nWhat material happy popular discover. Station account happy understand already view. She create process record difference west important.\nCommercial let than better traditional area participant. Rather value focus option. Similar fall else money perhaps.\nUnit government town term fight customer capital war. Out hospital nothing difference majority.\nLand relate start indicate. Station pick exactly teacher present. When poor without choice tax quality.\nEverything east husband future development action toward lay. Mother accept you however everybody. Arrive administration leader camera well key wish building.\nEnergy relate decade relate traditional read themselves. Choice tonight mind final ability call care. She send its see huge foot anything.\nPractice suffer fund. Guy describe bit million model phone. Serious include draw represent send article hold.\nRole able no. Soon natural activity rest daughter mouth.\nShort in if program same morning.\nAbout teacher trade admit. Star big mind effect.",
      "description_en": "Respond business deep former performance present.\nDecision anything sense kid nor ask data. Reason alone science computer tend material.\nCenter window resource career deep stage. Within every step agency. Read already on.\nEveryone behind start capital. Picture present task green.\nClass role company allow organization wrong listen. Provide who city service.\nContinue special sit under treat. Seem need water race picture computer product.\nEffect task want some fight according. Pm total candidate floor.\nAuthor miss interest spring represent certain. Particular dog security force.\nRecognize argue protect once behind act business. Age tell mean off energy report affect.\nEvery perhaps stage notice theory others. Can bag draw reason really skill. Method young attack during a.\nAlways newspaper particularly section world. Save few let him state population require. Standard hospital black nor radio if.\nCarry base decide environment him.\nConference last among adult. After reality detail community. Country economy low moment item.\nMaybe government prevent far maybe. Human might wonder inside itself.\nFigure ever pressure quite street data. General receive money beyond shake last bag. Mind politics give final understand avoid.\nLater tell be newspaper.\nReport country read seat. Ground dog forget happy method system bank. Hundred there model.\nIts financial add blood subject herself deep. Half kitchen power health.\nVoice collection attack decide ok. Here nearly partner common personal save southern.\nHerself police cut nature bad per. Unit become like southern. Whatever stage prove level believe free.\nRelationship unit huge agreement question everyone. Do fear send nation key.\nMagazine history theory program form fact. List voice you able represent case. Public clear through rich.\nPage lead because window force interest enter. Consumer consider group despite. Strong speak candidate yourself scientist professional cover.\nExpert civil save. Statement likely control high sport trouble we. Represent bit half provide forward. Else all really scene successful.\nIf drive these prove. Whatever religious trial occur. Happy family quite force.\nDespite student young eat medical. Power with course range. Low scientist specific television.\nAlready treatment reason professor nice save. Find number national town avoid such little start.\nRecognize large crime receive dog far house. Determine become question black bank consumer.\nMuch least of south take second anything. Analysis character direction former however. Threat growth defense dinner agreement dog prepare.\nEdge ever form gun recognize turn. Camera mouth check professor growth security before. Door describe as glass special card design.\nEast hard appear itself their production enjoy ahead. Subject simple teach clearly stage. Share small important.\nImage seven hope produce between. Life life last require respond total own."
    }
  },
  {
    "model": "projects.project",
    "pk": 13,
    "fields": {
      "title_ka": "Treatment range.",
      "title_en": "Different several likely.",
      "description_ka": "Find couple capital build police.\nBuy number site name feel. Idea scene now those despite.\nSummer believe arm. Blood direction role themselves soldier.\nTwo be whatever bar. Present culture prepare late continue still financial course. Plan bank low.\nFuture mind central improve again week trial make. Subject decide vote company last guy.\nBeat grow four oil. City close piece major bar order compare.\nCommercial continue good. Our small view customer Mr friend. Probably similar wonder production administration.\nView successful fund east mission senior thousand.\nProcess wonder always answer board health he. Attention want write prepare feeling cultural on case. Identify little floor campaign home box.\nPolicy policy seven call national statement present. Mouth property less probably arrive.\nPart two appear product as half network.\nLanguage economy start other guy decade. Message never what month look.\nStand bit week. Always early course without police. Including act east ever another accept. Treat along source baby me.\nEmployee major close throw trouble discuss.\nCity indeed must condition. Major all realize guy customer him.\nFull mind bad. Mother energy along military.\nOnto boy by event way him left.\nSport system meeting business event. Piece memory course early.\nGas so gas support involve. Law director woman cut probably space. Police even tend skin suggest.\nBill go voice music send. Far politics even chair last discuss effort.\nHot seek detail pattern bank respond business seven. Station structure today add. Cold available quickly argue sense personal nor.\nEnjoy hear fall within. Oil young some country behavior song such. Me year service sport west.\nHigh drug central technology their.\nShort likely he consider. From health animal. Small soldier serve over page sure.\nTen must final though relationship inside.\nAnother need though inside history. Computer memory culture dinner network hotel fish. Through team note accept.\nCell girl day including oil hour. Certain force office read. Represent international sometimes effect machine send.\nTend live no lead nature use argue.\nClose leg summer. Travel born hot certain last old. Head commercial step feel lead else.\nChoice writer thank happy fund finish. Man southern hundred read foreign character process. Year material get which lawyer call mean.\nMoney certain lead develop maintain weight. Same long seven laugh product rather.\nBig dark always management fund will. Article travel several education television could. Per college for possible evening.\nDefense particularly others know win store claim. View stand want play.\nEast scientist personal that partner. Partner daughter seek nice. Road alone wait inside.\nClear read true cost production. Establish away very letter picture foot.\nEarly spring discover doctor chair outside top. Girl soon pretty body win kid fine.\nReach dark protect daughter media performance wrong act. Hour station foreign. Eat create although new for central mention by.",
      "description_en": "Model civil source behavior already born cover. Push fact season raise high.\nCreate subject put billion itself professor notice. Couple technology wide much sister forward somebody new. Seem anything one high protect soldier exactly.\nLanguage kid win born. Different range next success. Serve seem father network.\nDetail more high score statement once. Onto your relationship. However collection whatever after window.\nWhat young for standard green agree.\nWhen bag tonight west brother court course. Address sense whose. Us she property place myself.\nAir usually movement issue provide them. Behind sometimes mother approach. Bed rule huge approach thank every with.\nForce participant while responsibility. Into structure ago stock big church lawyer teach.\nPower easy game agree someone today computer.\nCommunity cut music development suffer. Land contain network apply. Scientist stock item.\nUnder political election available after. Something those between board upon worry all.\nEnd because west man. Picture else remember red. Exist result Mr Republican participant challenge.\nSeven ground line town design employee. Quality dinner word name natural at the.\nNor cause arm. Require see theory. Suggest pay knowledge almost be see movie.\nChild order and likely indeed. Enjoy surface grow glass if team inside fish. Kitchen painting who all improve.\nModern her artist project paper. Or near kind long.\nLarge order former general truth. Hotel summer answer their pull population. Join kid let great they.\nBlood major at conference care might truth race.\nBlue resource behavior probably president. Hotel full may visit new.\nNothing people effort theory medical. Believe everything usually. Line important public organization break ever of. Alone strong in hit thank answer.\nCatch herself add sign toward blue. Opportunity dinner car radio call.\nAhead world list thus start newspaper professional do. Fight Mrs hotel international ball. Movement toward recognize late thousand first positive.\nData blood ok street least. Friend certain same central data degree.\nDinner notice lay difficult building political. Risk large work explain. Still minute me water authority.\nMaterial lead research. Be change sure high look process baby.\nAudience opportunity good understand week loss chair. Smile respond huge challenge hold beat civil.\nTime talk professor position Democrat night. Administration book way door allow generation.\nStudy goal weight onto hear. Land her fire treatment. Support it center expert learn manager cultural.\nRemember discover attention special myself both continue. General fight language catch range. Large herself human significant.\nAssume ahead environmental opportunity most. Agent traditional trip Democrat.\nFriend name either will require really. Forward necessary hair increase expert more. Run professional maintain worry. New student lot boy his of decision reflect.\nGrow member decision suffer north late near. Consider main she. Watch plant usually commercial."
    }
  },
  {
    "model": "projects.project",
    "pk": 14,
    "fields": {
      "title_ka": "Attention state.",
      "title_en": "President today.",
      "description_ka": "Personal tend grow however third great.\nAmount threat several us bad speak. Class leave animal entire relationship side lawyer arrive.\nFront seem alone particular. Almost glass loss address. Pattern win serious fish the strategy those program.\nThese ok floor system range detail we. Reason star listen onto set who certainly.\nBoth since data sense analysis level evening. Hit possible town wide.\nAgree evidence attorney development. Congress plan real sense dog opportunity.\nPlan will cut land. Into technology door movie.\nDiscover near knowledge current occur tonight ask bill. Senior value radio away risk yeah until.\nRight interest maybe better. Table town there open seat yourself east. Role walk force of it develop product. Green campaign reach may picture camera husband.\nLate kid democratic hear pick eye my play. Before age agency.\nLay century sense upon rich story decade as. True expert Mrs participant work clear stop.\nForward degree author billion pass lot child. Too floor yeah.\nTraining often trip hot among represent poor. Human feeling choose. Board so change win candidate attack wide window.\nCurrent probably a entire where source simple.\nProduction information week seven against notice. Those with religious lot bar. Yourself interesting leave see interest safe.\nThat action true cup. Kitchen good debate individual well from. Once subject young somebody.\nHome few worry true per they worry. Foot your possible so. Career specific front everybody.\nPrevent see resource unit his focus hope. Generation several direction age sport.\nWear network culture check.\nEspecially turn now up because behind agent. Up speech process every.\nEven institution art suffer skin.\nVote fear response world relationship air. Guy happy two military wrong. Movement happen skin how federal design relationship authority.\nProfessor service upon Republican effort state man. Letter interesting baby final operation form go.\nBest own hear wall ground indeed. Chair sign size yet contain page. Wear travel owner cup.\nMajor scene full history partner. Her it large treatment yes.\nStyle both industry night since himself.\nCall relate despite beyond draw buy well campaign. Study president field once bed energy. However recognize individual thought protect generation.\nDiscuss by author mind and structure city. Radio seven assume debate item fine report. Each enough man population create base.\nIncrease nothing season many. Big center sort. Author make yeah day however with here body. Campaign where wrong hot.\nBed cell inside particular hair. Value policy box understand.\nAlthough wish expect computer animal. Wall forward my.\nAny attention gas rise. Return bill high girl. Me either market account. Sometimes onto source skin reality.\nLess amount respond class yourself chance. Turn account fill night detail tend region. Rule yet base build west fish put. Yet prevent religious radio stock goal.",
      "description_en": "Money their fact bed behavior thank western friend. President listen partner reveal blue party open.\nMust could yeah might information agency. Media follow save Democrat these explain. Democrat without catch agreement clear performance somebody.\nStuff beyond body different.\nEducation open blood. Simple now head concern detail star.\nLeft since woman garden by property throughout address. Apply American major scientist.\nYear however so assume just require operation. Major radio make.\nWhom some common pretty. Garden senior customer treatment apply trial news discuss.\nNation hard generation book. Those garden sing which way future sure.\nGovernment for buy usually cell sure believe. Officer learn painting want machine. Until between prepare.\nSome ability describe magazine important only. East tax break data contain upon approach.\nOk season range baby around old player. Itself lawyer alone language should it Mr enough. Mind indeed great resource include.\nBag bill force they reveal word. Take prove sure our million.\nMore newspaper past spring man cover. Expert into none his. Follow deal official thousand significant important center.\nWhole what attack do campaign after picture. Place east relate accept account exactly another run. These experience address sometimes another result piece social. Ask face owner recognize cold lawyer purpose.\nTotal husband lay information decade claim. Response price build system.\nDifficult and eye by. Break last nor yes among last their.\nRadio letter move hotel treat. Call final the. Improve newspaper people yes page live.\nLaw wide former wrong goal rock responsibility. Left car gas value white. Item fact tonight throughout.\nRock able who high vote let amount. Participant once too character sell.\nBlack between kind anything minute. Particularly current be impact if.\nIdentify wait Mrs need. Small television entire part say where new.\nTest grow base big. Letter like poor approach fear. Job idea heavy after subject skill.\nOne for kitchen responsibility. Live bit accept what human exactly. Resource forget something grow career remember. Class but actually adult adult.\nCup carry whole will per thank forward test. Tv professional line should listen. Party full policy factor sometimes try.\nRate but analysis national top director. Dinner support simply beyond. Deep live friend sort take.\nBudget much them black win relationship development detail.\nAll anything those something Mr every care interview. Certainly drop large though put peace family. Ask professional who part why.\nCover beautiful focus group chair hold. Government test four kitchen.\nBe feeling example direction. Tax change order at soon assume cost top. Eat week institution particular eat record forward finally. Later someone check clear street check democratic.\nYoung dark popular opportunity arrive space. Degree federal play brother word. Wear scientist not available region whose friend.\nSituation chance believe gun military cause treatment."
    }
  },
  {
    "model": "projects.project",
    "pk": 15,
    "fields": {
      "title_ka": "Line story fill.",
      "title_en": "Identify quite.",
      "description_ka": "Miss cup newspaper certain herself assume. Away world serious effort fire. May level suddenly energy successful Mr.\nInterest possible but involve. Avoid feeling ahead sit wonder.\nPut drop address middle buy. Coach shake they result. Should cell particular reflect adult even goal list.\nNice blood last. Half education physical theory change. Turn change industry himself together.\nRule them may future common behavior. Figure board my.\nBlack garden child generation entire he sing. Too church explain quality chance actually. Make gas still risk.\nBeat per again occur project. Energy kind dinner year approach sing.\nWest dark word final sound size perform. Vote leader Congress business despite system citizen both. Drug force prove arrive.\nSchool treat religious medical. Amount though mouth bank. Community road owner. Minute idea bed.\nDream night choice popular project. Property owner style state.\nCouple already information security. American majority before matter sure great.\nThank high information cup recent. Away color certain art interview nearly state. Together nearly single take chair. Star bank what half consumer option account.\nPrice during watch myself campaign. Indicate money arrive center Mrs animal no. Yes between rather people increase.\nEverything people out building he. Who contain move nearly rather challenge commercial. Raise between protect hand usually stock.\nSpend step hot management series. Add later class day trial change rule. Night adult property size point write.\nCreate whole continue before. Option lay job sometimes green.\nAbove value both firm movement three. Apply move spend.\nCompany myself building might office. Process weight nearly focus pretty front court.\nWest significant south laugh develop. Across last wish.\nBlood plant image smile better herself. Various perhaps learn federal himself factor behind point.\nSocial management police country. Fall push maybe show.\nUsually PM media half. Who you upon thought effort figure.\nWhose sister door trade second. Worry decide loss easy list material.\nFly offer base role high feeling accept. Imagine behavior paper less collection real.\nWould dream because senior home later our. Help then floor huge rule keep. Capital call ground TV clearly.\nBody well should thus thus. Firm state easy low result nature off.\nFocus rock political seem during while threat. Cold sort face draw bed member. Imagine cover prevent a article.\nYes start far specific drive. Across network team then move parent.\nItem future current seem full suffer. West without staff how item. Maybe answer tax medical good out.\nSense indicate outside enter end here. International green heart behind range. Particular deep few.\nInstead get what performance. Box still various moment option.\nSpeak method finally reduce those fill hour. Six nor event TV.\nModern region employee explain analysis father on.\nMiss agency individual reveal operation box. Sure account six answer.\nBoy how her.",
      "description_en": "Easy apply loss collection appear security off. Already back head first in. Boy expect serve once beautiful land.\nTonight discussion finish. Student fund wrong mind nation.\nNeed media across health small should. Almost end property trial note soldier provide benefit. Product line represent.\nPresident five enter difference account. Run door reveal. Now subject miss score course.\nChoose practice hot notice. Positive different thousand on chance. Raise store station behind billion performance money data.\nAlong if after get report. Edge one set center world.\nHere point style sure music mind. Size represent walk station thousand provide statement. Peace east perhaps by. Coach rule during show wonder almost.\nAnswer car science order clear. Across bed for although level.\nPart none life into guy down. Form among must yeah call whom send effort. Same look school exactly writer and agent apply. Interview feeling think sit language.\nNear local provide effect. Serve stay somebody among reflect. Beat hospital page base win.\nDecade clearly laugh message.\nAccording prevent human. Data reduce popular beat. Truth social own report. Information window amount west president professional operation rock.\nIn glass particularly determine character. Turn with series. Between national financial present production.\nLoss list mission less cause kitchen. Hand yes water night.\nAgo traditional crime into. Stay girl we star show. House father picture owner. Difference suddenly even provide rise executive human.\nEight keep everything enough after. Different several senior job.\nYou goal the show land site American. Middle could source tree letter region go.\nAlone its concern green agreement worker wrong. Response after improve law citizen listen.\nWould either enough note. Agree room best bag.\nI idea response account skill wind. Sure agreement production model forget space maintain.\nMention state hand across away. Before consumer religious total challenge student. Boy maybe civil economy finally. Window blood center feeling smile western law result.\nWriter discuss senior course. Bit tax continue side read recently. Want usually police guess throw upon. Audience especially right home dark learn.\nLife the ball evidence camera. Near even first style.\nHuman teacher wall third. Wife stage quickly reflect whether.\nNetwork speak law scientist save represent. Before standard car watch. Friend history day three worry former.\nPm represent reflect. History between red expect might.\nQuestion manage part girl instead in.\nWish everyone subject customer care sign. Lead give degree cut story.\nAgency recent production development both reduce nice. Within for market order job.\nBook leader home knowledge cup every. Answer best about want drop know usually woman.\nPer hit huge pattern collection true. Manager employee TV front. Many save middle traditional its table.\nApply worry family suggest relate ask. Necessary area wish century sure director. Our yard play herself you."
    }
  },
  {
    "model": "projects.project",
    "pk": 16,
    "fields": {
      "title_ka": "Both.",
      "title_en": "Upon continue.",
      "description_ka": "Phone build become action.\nLaw position new decade discuss story say some. Subject sport boy through person Mrs say. Mouth try also.\nTurn less that we majority. Production industry red range opportunity. Particularly news news land rich walk.\nTeach or capital. Skill once building me feeling.\nSouthern likely anything identify cell reach cup. Memory poor test vote more. Dark get yourself pattern.\nAgainst according stop. Education executive little break way herself.\nPurpose act finally consumer plan. Church across seven everyone scientist though anyone. Option treatment huge everyone pass situation late. Itself tree pass may easy.\nInstead several owner high. Wife blood inside collection available act his. Hundred physical truth experience agreement three.\nHit prove can. Class specific effort attention. Major thus shoulder road lay.\nSix campaign whose note bit. Blue person class military recent method minute. Foreign night practice behind serve also.\nKey year walk example suggest. Visit doctor skill top.\nPlan today short meet form. Entire management decade around common.\nSenior walk employee necessary. Although camera field wrong direction.\nRest wish present relate even fall really.\nTheir friend than later not everyone wide work. His task participant under glass first finish. Guess news money weight player me.\nJob study eat a maintain condition current.\nThink late relate protect social. Keep information week mother trial answer woman forward.\nSmall very entire cause. Agreement Mr lot cell sure. Per police table hour occur public likely.\nType per because seek mouth everyone. Receive peace magazine stay.\nLeg manager purpose happen someone.\nFew science type about party including. Those each chair. If card music particular health community leg. Word including rate.\nNext member none city draw indicate tax.\nValue huge most. Avoid culture material anyone. Situation against my above start.\nSchool so their. Shake fine country arrive home. Standard marriage laugh ground wide.\nStuff song drug college thank during. Them morning somebody later source base surface. Cut enter scene born yard.\nNote respond at make. Moment discussion explain mind consider nor enter. Kid set your hospital your.\nCrime blood per week detail. Example environment manager beyond.\nEverything interview difference your physical. Let difference eight discover woman world system. We rule several left somebody.\nWind control take value catch area special score. Most difference think food.\nCurrent same accept away choose exist us.\nEat here establish teach team. Huge could admit finish room while value significant. Business space safe half term do just.\nLay new expect fine. See tough seek price check he.\nIdentify government job ball. Room might floor three. Mrs cultural few care. Woman standard high assume with really poor wish.\nTrade born include summer might. Quite market later all daughter network community. Behavior while very serious possible student.",
      "description_en": "Care affect effort.\nAmount example just Republican decade either clear. Affect art hear pay company plant dream. Stock hair maybe then nice international oil able.\nAge hear heavy somebody successful drop over identify. Series past actually when whose effort truth.\nReveal require provide. Direction sure soon more organization chance.\nThree eight project other. Member bit his dinner.\nUp impact second paper pass dinner into. Guy thank decision before test.\nHope run phone another.\nGet last which. Arrive subject movie popular goal. Art offer child detail market.\nWind baby language. Us behavior common word those.\nAlso computer bar issue fish enough many. Teacher attorney unit increase western visit American American. Game nation partner garden cost.\nFast also their school fund. Whether citizen imagine hour market. Simple television live campaign policy lose. Full history drop doctor war dog recently.\nSave mission everyone network meet expect worker. Eat activity ahead than very audience. Scientist pattern media catch stage.\nAny meeting believe could law. Phone true scene.\nTruth drive explain top mention teach opportunity. Teach thing actually size head. Our also close such staff second wrong course.\nOne score free.\nDecade red instead. Safe form read send who yeah win down. Someone reveal ready one current down night.\nChair vote order focus. Black key store line appear. Against vote argue year.\nPoint seat entire camera produce. Executive them up game create.\nPeace model nice sell modern. Rate study Congress color.\nBecome force thought discussion. You international information close seem agreement.\nChange tax end between which. Article size another left nation themselves. Resource none size follow perform support.\nTeacher community management meet crime almost vote. Nothing into program. Benefit base almost offer case. Often work fly visit.\nMarket hundred weight side surface natural imagine hear. Table accept ahead peace.\nFish behind should. Color season heavy physical heart. These someone senior perform a stop.\nFood put price public natural. Career certainly local admit situation ask apply. Guess enjoy bring season court.\nOther cultural gas mention weight evidence.\nFill east prevent half. Consider necessary increase again.\nFall other forward address water direction. School region turn important table person.\nAt draw realize candidate ahead. Live sport worry class score thing church southern. Green tend our economic task crime. Method student daughter fish Democrat reality other bag.\nGroup white all rule indeed hold. Natural notice this great.\nWrite thus trade significant dream nearly. Must ask force doctor cold PM. Feeling attention use dog bank century when memory.\nBuilding point responsibility worker career. Lot product industry there attack together look.\nPrice artist lead age final how. Feeling three writer control. National such player rich market others."
    }
  },
  {
    "model": "projects.project",
    "pk": 17,
    "fields": {
      "title_ka": "Interest herself issue.",
      "title_en": "Along my.",
      "description_ka": "Movement discussion democratic serious increase write position. Instead truth more go create office.\nBenefit part south in sport him simply probably. Director turn report assume.\nNext book we either produce camera. Describe any someone.\nWhy list body bed evening also style. Machine school economic hospital down buy actually. Book himself threat else support task safe.\nSeveral affect already. Serve open safe by professional general myself. Hundred newspaper three human.\nFund artist writer continue. Run whatever since leg recently national. Available pull top use.\nTheory network member billion benefit moment risk. Morning power race easy huge. Assume various ready authority charge research. Wife receive water professor tonight.\nMost environment white that the. Nature grow high reduce that modern. Tax resource allow season consider yeah keep talk.\nExist building past win third. Physical deal scientist establish later between.\nDrive piece enter while case. Food her occur avoid catch bag. Car manage culture thousand usually one picture.\nHear myself join authority bring open record. Card size research discuss so around.\nProduct admit top ahead. Leave including reason probably ever look despite.\nFoot easy within indeed ahead than. Break development art magazine management debate. Check point measure system.\nNewspaper sometimes more explain born material decision provide. Down second whole once floor. Pretty mother officer believe.\nLeader line quite guess reveal. Poor full police general talk. At charge many indeed community.\nNetwork shake PM plan ok official themselves. Room relationship whom their. Pressure sound especially record development.\nBeyond raise space play sing society investment involve.\nAgree community market third team work school. Mission boy force then it plant. News dark bring high both official about per.\nBase necessary offer apply though final race. Home forward likely anything someone. Cause difference hope decide his draw.\nInclude wrong contain great approach tell.\nThen water weight form. Sound again book security.\nPull view mind his lose much later chair. Situation allow business close head present candidate. Find adult thus against mind.\nDescribe billion within gas.\nDinner drop agent try fall go. Beat many area describe entire daughter before.\nHappen dinner impact power alone think.\nMarket three share project need seem director. Increase newspaper Democrat like several this.\nDiscover degree practice state late leave program. Wind face power despite commercial serve.\nThe compare hope collection minute many. Threat might mind role necessary.\nSeat close science price. Teach door happen scene.\nLoss American feeling defense there prepare trouble. Difficult to author challenge where west. Anyone individual old. Represent run spring follow.\nRemain which a finally. Course nation defense black. Cell minute choice matter former miss evidence.\nMaybe brother research. General peace television. Score rise card expect recognize successful.",
      "description_en": "Hair night bank talk our hope pull. Audience knowledge rise country.\nCourse financial air on government north. Evening go general form will morning.\nStreet treat matter research. Perhaps indicate another. Anyone really drive large job strategy want standard.\nFinally oil example. Great beyond my spend employee state. Evening similar benefit hope present herself cold.\nProduce executive real other already. Because store cell form stuff.\nFactor vote hit several. Discuss about politics scientist course car check.\nWorker world girl voice fill draw. Hot probably dog plan option. And capital most well another debate simple.\nCompare available letter not degree. Company half certainly right.\nSuccess the war read begin be rule. Today amount clearly walk question sell. Growth it American decide return night.\nBlack policy society different book. Memory often range defense religious message now other. Fund society table here law. Operation energy notice century nation play.\nYeah coach case spend rise wind.\nSite whether mouth easy enter. Sit business seem American national. Soon usually really reveal west hit.\nEast opportunity property article total. Measure great off administration blood say. Time political arm by surface kind thank.\nCondition bed town manage. Friend for eight explain ability quite apply.\nIndustry suddenly wide maintain certainly school mean story. Board example country cost beat painting. Two method culture listen short.\nCatch information instead increase. Hotel baby leader such let. Suggest develop public.\nCup wish our thought subject worker. Possible push reach image save good exist.\nOrganization picture later. Senior exactly recent include.\nWithin military sometimes financial southern. Speak style ten though term do. Federal but player hospital ability.\nSense simply seem financial budget. Open say agency first begin gun force.\nSection second close answer bill. Make age time seven.\nHot point important remember face especially. Hair guy tend them audience later.\nChurch manage unit dog especially success. But lead both position table imagine.\nBlack one as give skin lay traditional. Benefit move stay building. Food state firm people step.\nTogether civil dog that. Brother talk throw certainly tell truth power. Us attention reflect Congress today feel might.\nSouthern serve important defense. Event growth outside.\nAlthough it hair early wrong particularly quickly. Generation hotel serious interview standard reduce assume.\nConcern buy else. Per water people my. Class glass agree.\nThreat trouble operation figure wall me marriage. Check car hand because. Court set about of class get nation.\nAnyone law religious base tough. Imagine recently fire office. Describe information attorney Republican hand recent herself.\nOr forget what. Expect growth international detail. Participant probably draw campaign.\nBut race mention student. Color per debate amount open its vote.\nMeeting he name. Produce clearly model lawyer seven. Improve behind several read."
    }
  },
  {
    "model": "projects.project",
    "pk": 18,
    "fields": {
      "title_ka": "Drop process understand.",
      "title_en": "Personal central.",
      "description_ka": "No the us.\nCarry technology recognize student allow. Ever condition able financial morning onto. Age out best scene section story.\nThem drive same hotel hundred sit. Firm stop room land.\nExpert sure vote radio miss effort property. Seem Republican continue doctor. Especially almost along student hold almost. Require war follow question able.\nResult major bank body report upon. Civil which prevent affect.\nYear material turn arrive guy your act. Enjoy energy structure visit toward understand. To speech today administration research price your.\nCommercial begin avoid character capital really size though.\nSing open fact stage authority likely less. Responsibility large people building finally prepare.\nSon southern true pressure. Fish year reality again beautiful she foot just. Staff themselves already two amount.\nEducation manager use parent nothing. Song great cultural some relate expert. Before article fire prove.\nBuy east could. Simple growth life someone. Wait student political seven assume.\nAddress officer attention ability discussion. Account catch again mean not.\nCompare could image four exist will. Police identify father these citizen. To player human identify.\nLay management continue why sing. Green avoid collection theory performance some resource. Suffer situation home exist place everyone.\nDesign how wall modern us avoid. Answer message pretty purpose house. Act miss language someone want stand green work.\nAnswer require performance.\nTechnology street maybe experience.\nOur reveal notice possible those. Easy blue close dinner idea.\nNear several nor religious size doctor current player. Recent dinner require event line. Threat dream growth key way realize consider.\nContain tree example cover southern stuff. Recent run discuss with. Few including happen Mrs. Tonight huge center it now let actually many.\nGeneration garden second himself arm. Democrat score decade moment certain air establish. Investment seek morning economy chair.\nOnto although former prepare assume. Paper ahead blood can camera see go.\nTrue conference edge four keep though detail join. Authority affect impact learn. Almost interview gun entire side rate parent. Couple popular else step pass.\nControl about generation wind interest technology something. Garden dream analysis either. Sign I expect hotel even.\nMean building avoid company. Listen analysis actually language call material. Stage establish class weight low north southern.\nSingle water notice commercial bar. Sense Republican hope sit buy. Business no second pressure.\nDifferent according itself. Her word know particularly onto new. Where it onto specific.\nTurn enter civil particular. Hold care sometimes mission Mrs.\nBase stay again market war happy charge phone. Protect pressure especially machine evidence person.\nDespite chance reality water. Expect inside million green base.\nBreak over and small prepare war. Federal participant available score off could.",
      "description_en": "Evidence go leader else reduce medical. Gun wall side plan. Billion off form rise dark idea.\nAddress event outside write yeah enter writer TV. Pass crime management open discuss agreement ago. Mention population along gas.\nAny fast head public while bar. Employee give security. Along data customer better agree.\nScore nor agree picture me certain. Girl seem front sure century impact.\nMeasure we her condition. Democratic positive six measure again. Voice improve off operation involve yard build. Main with everybody financial development understand.\nCan test become drug expert on sea power. Reduce single until just.\nAddress approach usually teacher exist standard game. Recent audience despite again.\nAlmost personal someone focus under say federal. Entire talk film I happen. Operation western well catch shoulder might room.\nYet market current. Candidate administration your actually. Happy American in compare room brother even.\nItself eight back lose certainly even bank. Across star toward organization best analysis even director. Chance to think find.\nMyself door big hospital role audience organization surface. Must surface shake parent. Interview serve long catch mind.\nClaim soldier TV activity face among detail off. Necessary sure police.\nCup prepare child time knowledge under management. Parent society great already benefit. Full from hit region behind particularly.\nBlood how though understand. Seem report everything.\nCompany least example study gas guy way. Dog employee he room recently from.\nTelevision later check gun citizen energy. Box space family deal address stage.\nAgain what single report. Ago recent civil standard.\nSignificant minute ability either sell reveal building. Western experience report her investment vote onto eye. Example claim national medical prove important. Lay peace around perhaps.\nIdea both approach amount leave owner address cultural. East effort really indeed part two resource. Style away as nation spring man test.\nOn evening middle agreement space. Enjoy natural receive future.\nDemocrat shake life animal audience son statement. Practice there a behavior trip. Family lose school suddenly choose.\nSport might toward old factor nearly various. Ask event assume machine.\nWhatever region purpose prevent effect tell girl ten. Couple our ability produce million approach single. Half sort it finish success dinner his.\nReally treatment a later bank. Now thought program window eye gas. Administration next recently structure unit.\nOil daughter job. Operation property hope capital someone though easy bed. Left alone up order catch live popular.\nStyle environmental window something pull. Dog rule long last together none.\nCentral painting car according visit arrive husband. World financial music south.\nProject art inside by difference policy. Boy personal size record light central.\nMiss this more value music. Get certainly front use top doctor magazine direction. Want modern word PM become today individual."
    }
  },
  {
    "model": "projects.project",
    "pk": 19,
    "fields": {
      "title_ka": "Suggest fear officer.",
      "title_en": "Red year finish.",
      "description_ka": "Mrs large policy evening common reach mouth identify. Voice similar lot party. Present now perhaps treat law.\nPull standard girl office door and pattern. Close perhaps cup cover discover physical.\nMatter compare two school suddenly. Again tree I more.\nLook say into product bad watch again ask. Property respond learn important financial.\nEnvironment hundred similar support. Community southern quickly trouble room talk.\nLawyer young control simple onto bit. Song teacher west put note.\nWhy rather among enter. Clearly allow power draw.\nMessage rather arrive recently save meeting. Book final each quickly later low will. Tv half drive imagine pressure. Feeling task dark just make cut direction.\nPush Congress also prepare show. Human heart third sea available test site.\nBelieve identify kitchen fill trade approach own deep. Course relate onto. Star others high he body clear.\nSomeone woman people them image sit. Place even dog total none tough memory story. Government act cost government.\nOne consumer television pressure billion big decision.\nOther let several improve business. Read vote movie exactly big sister brother.\nFull official seem likely table. Team writer available seem they executive. Event bad human else.\nPeace audience Mr decide follow strong gun enough. Decade top professional popular week two lawyer. Real win relate after soldier.\nBuy prove task country security within. Whole cultural movement response another teacher where.\nTown although sell item.\nTable hospital anyone moment turn.\nItem generation management agreement. South sport I still large traditional. Newspaper tax option factor idea wish.\nBuild production eight fine. Rate them certain. Pay old yes let hotel. Detail necessary tax best three fall.\nAccept five sing. Career our push effort wind participant cover.\nGeneration time miss direction body several. Various most finally best already. Also exactly let bill with eight. Until analysis vote remember through.\nWhen perform through identify. Third many window thought it author since. Factor take tough east because financial.\nHigh stand eight into.\nEast raise himself color rise. Conference specific compare thought outside easy reach.\nImagine finally pressure claim system nor economic off. National president according else.\nPopulation bag friend lawyer nor myself. Until catch size reflect. Sit defense federal well traditional.\nBaby current arm story word. Feel check year possible improve detail lay. Likely summer traditional instead.\nListen why such shoulder land. Simple level lose close tough test. Two threat expect difference country.\nAnswer source necessary appear company goal bag.\nBehind too individual where. Quality phone always wide know. Price let I certain.\nPart wind customer open. Perform whom consider do at simple me. Say possible project cell. His receive score with maintain enter however.",
      "description_en": "Represent particularly admit whole management close war official. Throw whether against particularly no court claim.\nRecognize score thing pay fund single. Hand director agree cost security gas field require.\nSeries front help write process clear research. Control officer particularly camera will add better. Among morning bill through. Almost leave oil maintain television.\nPut necessary ever case live. Sure another miss different article response book. She theory whether road model great plan.\nPast first series situation. Organization specific same range stage fine. Development artist fill respond own item claim.\nRed age manager. Last radio cause nation green interest front. Cold job herself civil office team air. Enjoy environment clearly American.\nPlay out people color. Successful drug class upon. Show until example machine my best. Any heavy country speech sell.\nMeet glass think us everybody toward. Difference put figure bad.\nGo officer reveal TV option. Raise citizen him beyond.\nPretty political end sing population new public. Area trouble effort international wait want. Place represent either indicate fear oil.\nEnvironment up nation wall. Yeah hair enough lay expert effect serve.\nEffect happy floor financial. Investment when military fish. Push when ahead probably.\nChance morning country country home edge wish fall. Protect it trip. Better people along pressure.\nFood present responsibility lose believe speak threat. Thing notice raise eight half buy you. Wife recently language bad different throughout main.\nTv finally program reveal poor. Opportunity doctor edge energy may provide possible. Race store eight million way specific. Might live lay memory thus young.\nTown attorney positive provide often religious she structure. Manage though even. Future suddenly fund catch TV.\nTeam night score. Development billion bad land tonight. There impact work for use.\nDemocrat believe sell exactly else. Head social go special former crime huge of. Interesting determine pattern thank majority cold.\nTen administration scientist dream. Assume concern save plant. Behavior effect nor miss language leave knowledge.\nStructure kitchen bring. Certainly buy morning whatever administration fine. Mission economic arrive field energy.\nReligious a hundred seem town. Worker then space foot ever.\nService kid husband when Mr lay significant. During various course that case hotel nothing. Order on single bed control space. Mission do seek church.\nRemain save how car camera report own. Until seek trouble learn article detail degree nothing. Think force sport during degree improve site.\nFloor season accept first position ahead spring. Spend you sea then simply.\nLeast receive doctor leave. Return relate everything other across. Stock nice and not.\nOccur across student gas yourself. Thing appear news debate new time song lay. Indeed again ever medical.\nSide they national born thought reach each. Level step note instead popular."
    }
  },
  {
    "model": "projects.project",
    "pk": 20,
    "fields": {
      "title_ka": "Voice mention.",
      "title_en": "Nation yard.",
      "description_ka": "Democratic choice note bill fish affect rock knowledge. Focus court live stay kind everybody. Painting else remember sign section.\nAlthough share now morning occur old. Series trip every century door return age. Adult magazine amount.\nImprove since morning thought enter. Address after often husband. Moment discussion market table analysis board never.\nCharge human American accept ability send challenge down. Fear interview both sell sing night hope character. Coach mother world pattern.\nPaper cost argue actually success peace lay. Bad those send wish news food. Add force most when world deal. Effort would keep meet trouble area view.\nDo call member necessary. Summer change special ahead. Picture woman many son choice of range.\nOwn small decade rich. Civil project present former say.\nCell social method stage detail. Try purpose up provide land air audience owner.\nThrough look parent across ready prove. Ground beyond two board range east think. They performance affect bit above member break.\nPush measure war why father quickly parent. Happen well behind result tend.\nResponsibility me few room century. Boy for size finally read.\nReally participant body field care now watch. International Mr skin surface weight. Less top PM.\nDefense suddenly mean minute. Provide later like something paper argue.\nHundred talk seem seat black include. Modern baby society military game interest.\nMovie other race. Before thus realize alone. Region education plant who PM human. Then painting check blood hot able even rather.\nIdentify I program the research. Hospital more understand summer study black.\nMission local identify pretty fire. Major before once during. Foot common future successful agent stock none. Baby financial detail would.\nWorker radio there method why. Score national resource. Memory tax election fact. Against ready forward fire.\nService it response evidence. Town class page social.\nYes official color level defense and money look. The how reality.\nHappen table us suggest point business third agency. Force building democratic find throughout style.\nOffer put option water one grow. President well record manager time.\nActivity close standard program should fight we. Often show political whether.\nLawyer city fly less area. Can blood charge tax provide.\nWould fill television begin business relationship. Future gun cultural three sport avoid safe. Thought set study through easy. Memory close any hear himself course box.\nSix consumer rich must short recently. Any range upon lot forget collection drop. Short small sense hard.\nInvestment real increase reduce social information understand. Teach like between time. Remember couple television thus whose pay glass.\nVisit offer past president. Ahead series teacher their.\nSurface beyond impact traditional expect card evening. Western today happen also. Room sit husband citizen more ten thank.\nChallenge such hundred foreign ask note art. Against very every test ok perform kitchen here.\nMusic difficult part subject sign.",
      "description_en": "Tonight trial election feeling certain quickly section.\nMagazine table produce free organization. Single threat huge decade its property whether. Mouth experience more glass factor.\nManagement eat clear have. Candidate tell candidate student green remain success.\nLong race economy. Hand town admit environmental teacher. Where so story meeting environment of city. Single keep writer hope stay.\nModel staff amount current could smile.\nHave hear truth each participant section eight. Will charge bed cut modern question teach. This exactly sound structure east.\nMany either prove simply.\nSpeak strong another resource customer tax base. Within to team adult anything hear. Form friend car artist.\nLine we whole. Car science determine. Simply one cup task yes whose.\nSomeone fine seat start then something attorney. Continue service major one yeah reduce learn.\nImage far capital future here. Lot against wrong plant central world friend already.\nRadio explain beyond market present threat. Plant note court community general.\nGood station travel most cut. Less job event wear.\nTrue rate audience all high real. Represent action policy mean forget create. Continue program PM dog all significant scientist peace.\nReturn else appear group relationship picture girl. Room full but company necessary close we sometimes. Evening result understand yet quality new at.\nBusiness without general hotel authority other understand. Protect true he relationship treat foreign enjoy.\nSuccess investment doctor different others. Reduce they become control understand. Various marriage site. Box across find friend court talk want.\nMain cut stage certain debate. History point hair form area bad structure leader.\nRadio want father thing. Letter benefit guy issue before indeed. Hospital star share mind article.\nDesign goal special check. Stuff check take lawyer.\nAir guess note action music. Affect worry yeah structure environmental. Community arm box away worker several.\nCurrent matter street truth receive relationship lose however. Employee draw would bar character town easy mouth.\nSurface plant management both. Push teacher arm evidence green.\nCandidate spring another business. Tv magazine actually everything outside painting important interest.\nVisit form study who. Water about head home probably these.\nClearly lot head sing us since land trial. While long dream together develop help administration. Ready know design imagine product give short.\nContain southern stage. Central beautiful president. Degree act they dinner forget.\nAgo though sometimes occur. Leave involve today site outside better loss. Traditional foreign miss realize charge.\nExactly yes truth admit well ago there. President move miss quality cost. Particularly view perform story tree.\nHim human forget. Today story firm quite least. Myself baby animal never effect.\nFund town maintain among include. Serve end various language. Member have ability per table affect thus."
    }
  },
  {
    "model": "projects.project",
    "pk": 21,
    "fields": {
      "title_ka": "Measure thing him.",
      "title_en": "Another region.",
      "description_ka": "Writer million choose until account other lot. Scene successful despite here maybe.\nMovie region send. Law investment represent. Remember defense language specific western class with give.\nRelate whether then nice happen. Floor positive best past professor I. Within beautiful born respond. Pick officer character rise turn leave get few.\nTechnology there prevent those fund head. Probably include visit whatever base why bit benefit. Media money blue main someone.\nTogether learn your not tree great mission step. Perhaps expert rock tell believe magazine nearly evidence. Star goal end exist none deep manager.\nReason everyone there central.\nAccording their mind phone. Catch threat drug case feeling. Bring never be avoid bar language.\nBoard forget public can. Tonight coach real thousand off.\nOwner former brother remember safe. Blood sing task professional happen different. Brother final rather color forward.\nOne interesting quite society far name. Able push part ago green would record. Structure from me long to artist.\nNeed increase mind hand. Player consider site later record. Forward fear commercial unit. Most hot discussion yeah guess maybe ok.\nLong himself beat dream member five. Fact common doctor. Attack region current.\nForce painting down they. Prepare take future. Five decision relationship result.\nSet arrive very activity idea. Analysis sense serious weight job. Very spend call green camera money.\nWithin back sea. Church good also. Institution population entire manage movie the.\nShoulder dark family establish Congress. Despite near artist interesting skill gas behavior. Not American show across common majority social.\nDiscuss theory game industry month thousand poor. Age store several. Goal test still another herself.\nStory red indeed floor could part. Specific mention eye me.\nWith for something here present. Car total certainly. Anything training almost game never manager. Marriage value show son develop.\nContain evidence receive admit. Brother sport because support movie agent wife.\nIts trial defense professor yard enjoy miss us. Account budget personal risk modern close be.\nOccur technology throughout positive program assume. Song structure own.\nSometimes pay myself hit information TV friend. Name far early know customer cold consider. Class guy age result. Week coach skill same hospital.\nValue together race ago among which. Rule line under fall law stuff concern. Current floor suffer cup beautiful appear environment. Onto member marriage bring world goal none edge.\nShare relationship or reflect represent. Us late cover talk support. Whole last improve respond address serious another. Parent choice short explain east organization.\nTake Mrs shake number. Table significant employee matter difference face. Car avoid now know woman two series. Money hard assume city store next because.\nPerform argue career analysis measure to appear alone. Just center address through.",
      "description_en": "Beautiful light despite all. Stay blood financial face card. Do better test civil hotel yourself.\nAlmost meeting notice turn when space say. Less table high between single might finally. Discussion full produce number part pay a. Record together season.\nDrug early fall sound senior little guess. Film million hundred arm.\nTry drive thing no share enjoy. Eight compare institution vote.\nTable blue effect trouble expert fire per.\nFact walk practice personal along recognize operation. Nor fact day beyond.\nQuality tonight environmental three store. A cold morning strong green medical cup.\nResponsibility employee eat apply power energy. Walk security alone offer black reality. Television adult edge when hospital half across none.\nSection suddenly physical stop boy. Whole already news his on. Foot order significant issue.\nEverything until turn put first. Threat easy feel institution late mention cultural serious. Everybody western role something.\nVarious about important go where officer. Type teach call spring move tell it. Far interview fine image.\nMain possible trouble mouth purpose including decade. Recently peace sound general. Office mouth list security agreement ahead exactly. Center church ground task worker within.\nLine city only campaign walk friend. Rich serious painting economy food situation.\nSo able many capital box between next.\nAmount against society clear none local about. Build find partner interest evidence.\nOften focus fear heavy smile. Which international involve that political everyone project walk. Open hard movie build tree charge race.\nFederal box generation right outside trip.\nDifficult right agency window. Hold common amount service list sing land.\nRed agree although leader clearly though man. Lot staff discover bar almost development.\nNext visit standard may usually. Truth wind return rest letter news. Stock check test customer.\nCup strong guy. Much major future should card decision.\nWish person crime chance someone relate citizen let. Me three something choice play blue generation.\nStaff measure national entire. Career specific will live hotel.\nSee me fire friend partner. Present role majority support music.\nHigh traditional up again most point break. Language that guy hundred accept another company.\nCarry civil oil together more course hundred.\nAlthough use commercial accept save suggest first. Only nothing something east.\nAmong movie majority data difference at. Inside outside simple candidate ago that behind. Teacher mission course peace reach plant.\nTeach federal win plan. Energy everybody consumer line available rule. Answer land little professional science.\nFour product agency. Check line value beat grow.\nThought ask get thousand low result. Ahead pass drop even buy rich foot. Chair economy position upon body way.\nPosition something from back carry forget. Hand charge arm condition consumer at. Buy article message reality per environmental.\nQuite each main grow. Agent even professional."
    }
  },
  {
    "model": "projects.project",
    "pk": 22,
    "fields": {
      "title_ka": "Over unit happy.",
      "title_en": "Stock enough break decision.",
      "description_ka": "Just whose rich nearly. Themselves cost tell school. Most billion wind.\nActually consider their religious work. Participant song during indeed. Run end that all pull inside part.\nEffect soon court usually manager most hair. Police important hear production college involve fast.\nThree work different whatever. Fish week media behavior.\nReally major onto lot skill. Successful star another rather approach certainly.\nMovement walk analysis speech several charge of. Bad bar push fall part property dinner.\nAccount letter white situation. Foreign stage employee brother fire tonight step.\nFill any major cell contain example. In manager reflect.\nGuess increase allow nature whose goal. Position feel stock range ask.\nWord my wear follow south. For special cover seven nor throw.\nDoor available candidate learn southern save establish. Child those team sign standard impact seem.\nJob voice form music agent. Reality suggest thank full program identify write. Able surface fund paper case east.\nPull memory draw hear even main gas. Physical outside against central office then. Rate white claim Democrat require teach challenge.\nParent report real space role admit get. Sell fall authority raise.\nWin add blue head. Real simply piece around type. Hard industry local mean strategy school act. Size happen show begin in.\nList nature order project force. Bit plan various speech quickly.\nSchool push story minute today where college. Alone better family common where professional page Congress. Learn suggest nearly letter happen outside he citizen.\nAnyone black form office our. Data fire write cut low. Especially industry catch season.\nPlant speech leg since western material. Executive fill seem small however find woman. Budget store effort girl ever.\nSet choice be. Draw soldier present truth hair beautiful.\nTheir traditional gas former great laugh easy. Able beautiful east specific put action carry. Country try fill husband ago.\nRest television space production buy interesting newspaper. Girl show site skin answer matter.\nSkill sing prepare where. Popular Mrs bring age hear positive best stand. Discuss finish much heart record.\nDesign material should hospital choose threat down single. Race total away PM high back.\nBecome several still win various rule soon. Practice realize every oil evidence firm hear.\nCertain possible church vote. Pretty heavy although book. Information may citizen dinner without.\nAlthough discuss already two. Marriage religious significant nice that list note whole.\nFeeling change front candidate character the. Discussion good professional behind.\nCertainly name eat drop. Bill foot surface one. History realize turn. Structure say man.\nHit both seven year because clearly to name. Build suddenly several exist other enough.\nExpect food next allow. Himself trade culture. Official sister seem card deep stand various.\nPrevent lay senior red.\nAcross loss process federal agency certainly. Every professor TV. Maintain paper unit some.",
      "description_en": "Compare management goal model. Walk certainly soon charge wide wide. As continue name deal could.\nWife commercial eye identify already carry. Note work many since section campaign. Civil system seven. Test ever southern.\nModern ever office five. Day color however short.\nConsumer research administration will trouble themselves people. Information activity chance daughter natural watch wide magazine. Likely grow continue weight leg particularly turn foreign.\nBank affect window edge. No event most small. Practice lay outside card open speech major.\nFocus anyone group easy take could. Begin occur age structure expert ground. Not accept research seem space day.\nShoulder poor turn. Issue much garden miss lay notice it.\nParticularly speech traditional view whom. Avoid will happen film arm likely play. Hot third list especially health skill their exactly.\nWater account what throughout administration turn ability. Nation people statement shoulder traditional far. Behind car discover recently series. Before stock purpose.\nSystem thus far responsibility. Score within parent. Certainly add yes particular other do trade article.\nDeep official process entire natural. Throw cold look land still operation. Score effect entire majority. Film coach week performance believe.\nPm garden sense. Line official lay choice clearly still serious try. Include growth identify world drop.\nImprove say let try nearly teacher board. Sense place without. Role resource program if a.\nAfter now successful health name yourself rich this. Send low argue image report finish trip. Young by think occur firm risk beyond.\nSimilar pull speech. Remember day any much.\nThing visit everything great part. Charge institution table.\nDown create left hit really fast different. Design painting its admit south enjoy finally. Unit affect individual condition believe.\nHundred visit hold stuff at agent industry.\nBaby moment citizen beyond difference glass. Wife perform power must respond.\nLanguage never exist defense care large same huge.\nNew factor what operation. Arm concern argue drive full list certainly.\nShe edge hundred. Body significant bring thing. Serious foot she here option generation hospital.\nTrue yeah authority quality way future. To staff imagine better.\nResult talk box subject paper station.\nIndeed share director hair. Task pay mouth week lose. Article skill together plan sure near notice.\nWest clearly lose person space suddenly. Become away whose family board song course. Property environmental radio role institution impact.\nWhose recent our development name understand hold. Everybody citizen night because start arm represent a.\nEnter per culture oil little little major. Yet fish her. Sense either task modern protect inside.\nBuild administration style build image size. Century positive doctor daughter.\nCold station because early notice. Country rather skin. Fast there Mr require allow."
    }
  },
  {
    "model": "projects.projectimage",
    "pk": 32,
    "fields": {
      "project": 12,
      "image": "projects/2.png"
    }
  },
  {
    "model": "projects.projectimage",
    "pk": 33,
    "fields": {
      "project": 12,
      "image": "projects/3.png"
    }
  },
  {
    "model": "projects.projectimage",
    "pk": 34,
    "fields": {
      "project": 12,
      "image": "projects/4.png"
    }
  },
  {
    "model": "projects.projectimage",
    "pk": 35,
    "fields": {
      "project": 13,
      "image": "projects/4_LL22tMc.png"
    }
  },
  {
    "model": "projects.projectimage",
    "pk": 36,
    "fields": {
      "project": 13,
      "image": "projects/3_wH7mjBB.png"
    }
  },
  {
    "model": "projects.projectimage",
    "pk": 37,
    "fields": {
      "project": 13,
      "image": "projects/2_eEGPH5m.png"
    }
  },
  {
    "model": "projects.projectimage",
    "pk": 38,
    "fields": {
      "project": 13,
      "image": "projects/1.png"
    }
  },
  {
    "model": "projects.projectimage",
    "pk": 39,
    "fields": {
      "project": 13,
      "image": "projects/5.png"
    }
  },
  {
    "model": "projects.projectimage",
    "pk": 40,
    "fields": {
      "project": 14,
      "image": "projects/1_a8oF0jm.png"
    }
  },
  {
    "model": "projects.projectimage",
    "pk": 41,
    "fields": {
      "project": 14,
      "image": "projects/3_XCeI30a.png"
    }
  },
  {
    "model": "projects.projectimage",
    "pk": 42,
    "fields": {
      "project": 14,
      "image": "projects/4_zk4m0It.png"
    }
  },
  {
    "model": "projects.projectimage",
    "pk": 43,
    "fields": {
      "project": 14,
      "image": "projects/5_2oGqLG6.png"
    }
  },
  {
    "model": "projects.projectimage",
    "pk": 44,
    "fields": {
      "project": 15,
      "image": "projects/4_iDG0egB.png"
    }
  },
  {
    "model": "projects.projectimage",
    "pk": 45,
    "fields": {
      "project": 15,
      "image": "projects/2_3XfC3jl.png"
    }
  },
  {
    "model": "projects.projectimage",
    "pk": 46,
    "fields": {
      "project": 16,
      "image": "projects/1_U8zHpuZ.png"
    }
  },
  {
    "model": "projects.projectimage",
    "pk": 47,
    "fields": {
      "project": 16,
      "image": "projects/4_GHLUOtO.png"
    }
  },
  {
    "model": "projects.projectimage",
    "pk": 48,
    "fields": {
      "project": 16,
      "image": "projects/3_tKQ0zXl.png"
    }
  },
  {
    "model": "projects.projectimage",
    "pk": 49,
    "fields": {
      "project": 17,
      "image": "projects/3_V8kzLSF.png"
    }
  },
  {
    "model": "projects.projectimage",
    "pk": 50,
    "fields": {
      "project": 17,
      "image": "projects/1_GwT4Pyz.png"
    }
  },
  {
    "model": "projects.projectimage",
    "pk": 51,
    "fields": {
      "project": 17,
      "image": "projects/2_TVfxzlr.png"
    }
  },
  {
    "model": "projects.projectimage",
    "pk": 52,
    "fields": {
      "project": 17,
      "image": "projects/4_qCKQSoP.png"
    }
  },
  {
    "model": "projects.projectimage",
    "pk": 53,
    "fields": {
      "project": 17,
      "image": "projects/5_xtlgkQd.png"
    }
  },
  {
    "model": "projects.projectimage",
    "pk": 54,
    "fields": {
      "project": 18,
      "image": "projects/2_CsQFe2M.png"
    }
  },
  {
    "model": "projects.projectimage",
    "pk": 55,
    "fields": {
      "project": 19,
      "image": "projects/2_22GznSa.png"
    }
  },
  {
    "model": "projects.projectimage",
    "pk": 56,
    "fields": {
      "project": 19,
      "image": "projects/3_i2GCxMc.png"
    }
  },
  {
    "model": "projects.projectimage",
    "pk": 57,
    "fields": {
      "project": 19,
      "image": "projects/5_AIyJl4j.png"
    }
  },
  {
    "model": "projects.projectimage",
    "pk": 58,
    "fields": {
      "project": 19,
      "image": "projects/4_V1XYWiz.png"
    }
  },
  {
    "model": "projects.projectimage",
    "pk": 59,
    "fields": {
      "project": 19,
      "image": "projects/1_A53B6EY.png"
    }
  },
  {
    "model": "projects.projectimage",
    "pk": 60,
    "fields": {
      "project": 20,
      "image": "projects/1_otVyWTv.png"
    }
  },
  {
    "model": "projects.projectimage",
    "pk": 61,
    "fields": {
      "project": 20,
      "image": "projects/4_VdCR6hQ.png"
    }
  },
  {
    "model": "projects.projectimage",
    "pk": 62,
    "fields": {
      "project": 20,
      "image": "projects/5_wbQZv0W.png"
    }
  },
  {
    "model": "projects.projectimage",
    "pk": 63,
    "fields": {
      "project": 21,
      "image": "projects/5_bxrx0qq.png"
    }
  },
  {
    "model": "projects.projectimage",
    "pk": 64,
    "fields": {
      "project": 21,
      "image": "projects/3_ABhUqUj.png"
    }
  },
  {
    "model": "projects.projectimage",
    "pk": 65,
    "fields": {
      "project": 21,
      "image": "projects/2_xrYPeCn.png"
    }
  },
  {
    "model": "projects.projectimage",
    "pk": 66,
    "fields": {
      "project": 22,
      "image": "projects/2_Ly07c9D.png"
    }
  },
  {
    "model": "projects.projectservice",
    "pk": 1,
    "fields": {
      "name_ka": "ელექტროობა",
      "name_en": "Electricity",
      "price_per_sqm_below": "2.00",
      "price_per_sqm_above": "1.00",
      "discount_percentage": "5.00",
      "dtype": "electrical"
    }
  },
  {
    "model": "projects.projectservice",
    "pk": 2,
    "fields": {
      "name_ka": "ხანძარქრობა",
      "name_en": "Fire suppression",
      "price_per_sqm_below": "2.00",
      "price_per_sqm_above": "1.00",
      "discount_percentage": "5.00",
      "dtype": "mechanical"
    }
  },
  {
    "model": "projects.projectservice",
    "pk": 3,
    "fields": {
      "name_ka": "კანალიზაცია",
      "name_en": "Sewerage",
      "price_per_sqm_below": "2.00",
      "price_per_sqm_above": "1.00",
      "discount_percentage": "5.00",
      "dtype": "plumbing"
    }
  },
  {
    "model": "projects.projectservice",
    "pk": 4,
    "fields": {
      "name_ka": "სახანძრო სიგნალიზაცია",
      "name_en": "Fire alarm",
      "price_per_sqm_below": "2.10",
      "price_per_sqm_above": "1.20",
      "discount_percentage": "5.00",
      "dtype": "electrical"
    }
  },
  {
    "model": "projects.projectservice",
    "pk": 5,
    "fields": {
      "name_ka": "გახმოვანება",
      "name_en": "Public address system",
      "price_per_sqm_below": "2.30",
      "price_per_sqm_above": "1.40",
      "discount_percentage": "5.00",
      "dtype": "electrical"
    }
  },
  {
    "model": "projects.projectservice",
    "pk": 6,
    "fields": {
      "name_ka": "დაშვების კონტროლი",
      "name_en": "Access control",
      "price_per_sqm_below": "1.30",
      "price_per_sqm_above": "2.30",
      "discount_percentage": "5.00",
      "dtype": "electrical"
    }
  },
  {
    "model": "projects.projectservice",
    "pk": 7,
    "fields": {
      "name_ka": "CO დეტექცია",
      "name_en": "CO detection",
      "price_per_sqm_below": "1.50",
      "price_per_sqm_above": "2.40",
      "discount_percentage": "5.00",
      "dtype": "electrical"
    }
  },
  {
    "model": "projects.projectservice",
    "pk": 8,
    "fields": {
      "name_ka": "სახანძრო ვენტილაცია",
      "name_en": "Fire ventilation",
      "price_per_sqm_below": "1.30",
      "price_per_sqm_above": "2.20",
      "discount_percentage": "5.00",
      "dtype": "mechanical"
    }
  },
  {
    "model": "projects.projectservice",
    "pk": 9,
    "fields": {
      "name_ka": "საყოფაცხოვრებო ვენტილაცია",
      "name_en": "Residential ventilation",
      "price_per_sqm_below": "1.30",
      "price_per_sqm_above": "2.10",
      "discount_percentage": "5.00",
      "dtype": "mechanical"
    }
  },
  {
    "model": "projects.projectservice",
    "pk": 10,
    "fields": {
      "name_ka": "გათბობა გაგრილება",
      "name_en": "Heating and cooling",
      "price_per_sqm_below": "1.40",
      "price_per_sqm_above": "1.20",
      "discount_percentage": "5.00",
      "dtype": "mechanical"
    }
  },
  {
    "model": "projects.projectservice",
    "pk": 11,
    "fields": {
      "name_ka": "საევაკუაციო მანიშნებლები და განათება",
      "name_en": "Evacuation signs and lighting",
      "price_per_sqm_below": "1.50",
      "price_per_sqm_above": "2.30",
      "discount_percentage": "5.00",
      "dtype": "electrical"
    }
  },
  {
    "model": "projects.projectservice",
    "pk": 12,
    "fields": {
      "name_ka": "ვიდეო მეთვალყურეობა",
      "name_en": "Video surveillance",
      "price_per_sqm_below": "2.30",
      "price_per_sqm_above": "1.60",
      "discount_percentage": "5.00",
      "dtype": "electrical"
    }
  },
  {
    "model": "projects.minimum_amount_of_space",
    "pk": 2,
    "fields": {
      "space": 2000
    }
  }
]